-- phpMyAdmin SQL Dump
-- version 5.1.1
-- https://www.phpmyadmin.net/
--
-- Host: 127.0.0.1
-- Generation Time: Jun 29, 2022 at 02:35 PM
-- Server version: 10.4.21-MariaDB
-- PHP Version: 7.4.24

SET SQL_MODE = "NO_AUTO_VALUE_ON_ZERO";
START TRANSACTION;
SET time_zone = "+00:00";


/*!40101 SET @OLD_CHARACTER_SET_CLIENT=@@CHARACTER_SET_CLIENT */;
/*!40101 SET @OLD_CHARACTER_SET_RESULTS=@@CHARACTER_SET_RESULTS */;
/*!40101 SET @OLD_COLLATION_CONNECTION=@@COLLATION_CONNECTION */;
/*!40101 SET NAMES utf8mb4 */;

--
-- Database: `coict_digital`
--

-- --------------------------------------------------------

--
-- Table structure for table `alumni`
--

CREATE TABLE `alumni` (
  `id` int(11) NOT NULL,
  `Name` varchar(100) NOT NULL,
  `sex` varchar(10) NOT NULL,
  `programme` varchar(100) NOT NULL,
  `year_completed` varchar(100) NOT NULL,
  `email` varchar(100) NOT NULL,
  `contact` varchar(100) NOT NULL,
  `occupation` varchar(100) NOT NULL,
  `field` varchar(100) NOT NULL,
  `employedat` varchar(100) NOT NULL,
  `employedas` varchar(100) NOT NULL
) ENGINE=InnoDB DEFAULT CHARSET=utf8mb4;

--
-- Dumping data for table `alumni`
--

INSERT INTO `alumni` (`id`, `Name`, `sex`, `programme`, `year_completed`, `email`, `contact`, `occupation`, `field`, `employedat`, `employedas`) VALUES
(160, 'Nielsen W Chiutila', 'male', 'BSC IN CS', '2022', 'nielsenchiutila@gmail.com', '1111111', 'Not Employed', '', '', ''),
(161, 'Osila J osila', 'male', 'BSC IN BIT', '2022', 'josephosila@gmail.com', '0785643456', 'Employed', 'IT ', 'UDSM ', 'PROGRAMMER'),
(162, 'Christina P Mahenge', 'female', 'BSC IN BIT', '2022', 'cmahenge@gmail.com', '0765544', 'Employed', '', 'UDSM', 'INSTRUCTOR'),
(163, 'Said Z Muhenga, ', 'male', 'BSC IN CEIT', '2022', 'saidmuhenga@gmail.com', '0625345676', '', '', '', ''),
(164, 'Richard E Mayenga', 'male', 'BSC IN CEIT', '2022', 'richardmayenga@gmail.com', '0687567645', '', '', '', ''),
(165, 'Jimmy B Charukula', 'male', 'BSC IN CS', '2022', 'charukulajimmya@gmail.com', '0625345676', '', '', '', ''),
(166, 'Neema R Ngaharo, ', 'female', 'BSC IN CS', '2022', 'ngaraharoneema@gmail.com', '0625345676', '', '', '', ''),
(167, 'Anneth N Mlowe', 'female', 'BSC IN CS', '2022', 'mloweanneth@gmail.com', '0625345676', '', '', '', ''),
(168, 'Emaculate S Lemunke, ', 'female', 'BSC IN CEIT', '2022', 'emaculetelemunike@gmail.com', '0987675645', 'Self employed', 'NON IT', 'AAR', 'INSURANCE'),
(169, 'Zuwena H Salum, ', 'female', 'BSC IN CS', '2022', 'salumuzuwena@gmail.com', '0625345676', '', '', '', ''),
(170, 'Millenium A Malamla', 'female', 'BSC IN BIT', '2022', 'malamlamillenium@gmail.com', '0625345676', '', '', '', ''),
(171, 'Amos A Mwilawa', 'male', 'BSC IN CEIT', '2022', 'mwilawaamos8@gmail.com', '0625345676', '', '', '', ''),
(172, 'Vivian E Ndilanha', 'female', 'BSC IN BIT', '2022', 'vivianndilanha@gmail.com', '0625345676', '', '', '', ''),
(173, 'Sophia P Mkenda', 'female', 'BSC IN CS', '2022', 'sophiamkenda@gmail.com', '0625345676', '', '', '', ''),
(174, 'Aliseni F Felix', 'male', 'BSC IN CS', '2022', 'felixaliseni@gmail.com', '0625345676', '', '', '', ''),
(175, 'Subira B Msangi', 'female', 'BSC IN BIT', '2022', 'subiramsangi@gmail.com', '0625345676', '', '', '', ''),
(176, 'Latifa M Kapiligi', 'female', 'BSC IN CS', '2022', 'latifakapiligi@gmail.com', '0625345676', '', '', '', ''),
(177, 'Ali A Saleh', 'male', 'BSC IN CEIT', '2022', 'alisalehe@gmail.com', '0625345676', '', '', '', ''),
(178, 'Wilfred A Mushi', 'male', 'BSC IN BIT', '2022', 'mushiwilfred@gmail.com', '0625345676', '', '', '', ''),
(179, 'Zulfa O Kibwana', 'female', 'BSC IN CS', '2022', 'zulfakibwana@gmail.com', '0625345676', '', '', '', '');

-- --------------------------------------------------------

--
-- Table structure for table `courses`
--

CREATE TABLE `courses` (
  `course_code` varchar(200) NOT NULL,
  `study_year` int(11) NOT NULL,
  `course_title` varchar(200) NOT NULL,
  `instructor` varchar(200) DEFAULT NULL,
  `venue` varchar(200) DEFAULT NULL,
  `class_size` int(11) NOT NULL DEFAULT 0,
  `department` varchar(200) DEFAULT NULL,
  `college` varchar(200) DEFAULT NULL,
  `date` datetime NOT NULL DEFAULT current_timestamp(),
  `assistant` varchar(100) DEFAULT NULL,
  `semester` int(11) DEFAULT NULL
) ENGINE=InnoDB DEFAULT CHARSET=utf8mb4;

--
-- Dumping data for table `courses`
--

INSERT INTO `courses` (`course_code`, `study_year`, `course_title`, `instructor`, `venue`, `class_size`, `department`, `college`, `date`, `assistant`, `semester`) VALUES
('CL 111', 1, 'Communication skills for engineers', 'Dr. Fatma Ally', 'YOMBO 4', 350, 'CSE', 'COICT', '2022-06-07 14:41:15', '', 1),
('CS 151', 1, 'Computer organisation I', 'Dr. Mercy Mbise', 'D 01', 250, 'CSE', 'COICT', '2022-06-07 14:41:15', '', 1),
('CS 173', 1, 'Business computer communication', 'Dr. Miriam Amiri', 'D 01', 350, 'CSE', 'COICT', '2022-06-07 14:47:10', '', 2),
('CS 174', 1, 'Programming in C', 'Dr. Kennedy Mwakisole', 'D 01', 350, 'CSE', 'COICT', '2022-06-07 14:41:15', '', 1),
('CS 175', 1, 'Programming in Java', 'Dr. Mercy Mbise', 'D 01', 250, 'CSE', 'COICT', '2022-06-07 14:47:10', '', 2),
('CS 234', 2, 'Object oriented programming in Java', 'Dr. Juma Lungo', 'B 310', 350, 'CSE', 'COICT', '2022-06-07 14:32:27', '', 2),
('CS 243', 2, 'Computer network and design', 'Dr. John Zedekia', 'C1/C2', 78, 'CSE', 'COICT', '2022-06-07 14:26:42', '', 1),
('CS 252', 2, 'Computer organisation and architecture II', 'Dr. Ellen Kalinga', 'D 01', 270, 'CSE', 'COICT', '2022-06-07 14:32:27', '', 2),
('CS 323', 3, 'Control systems engineering', 'Dr. Merina ', 'B 307', 105, 'CSE', 'COICT', '0000-00-00 00:00:00', '', 2),
('CS 334', 3, 'Principles of operating systems', 'Dr. Fatma Ally', 'B 307', 244, 'CSE', 'COICT', '2022-06-07 14:07:50', '', 1),
('CS 335', 3, 'Software engineering', 'Dr. Juma Lungo', 'D 01', 269, 'CSE', 'COICT', '2022-06-07 14:07:50', '', 1),
('CS 348', 3, 'Network switching and routing', 'Dr. Yona', 'B 307', 105, 'CSE', 'COICT', '0000-00-00 00:00:00', '', 2),
('CS 354', 3, 'Microcomputer systems II', 'Dr. Bagile', 'B 305', 65, 'CSE', 'COICT', '0000-00-00 00:00:00', '', 2),
('CS 356', 3, 'Embedded systems', 'Dr. Daudi Nyamiula', 'B 302', 57, 'CSE', 'COICT', '0000-00-00 00:00:00', '', 2),
('DS 112', 1, 'Development perspectives 1', 'Dr. Miriam Amiri', 'YOMBO 5', 350, 'CSE', 'COICT', '2022-06-07 14:41:15', '', 1),
('DS 113', 1, 'Development perspectives 2', 'Dr. Mlay Massawe', 'YOMBO 5', 350, 'CSE', 'COICT', '2022-06-07 14:47:10', '', 2),
('GM 300', 3, 'Strategic management', 'Dr. Winfrida Malamla', 'YOMBO 5', 350, 'CSE', 'COICT', '2022-06-07 14:07:50', '', 1),
('IE 445', 3, 'Entrepreneurship for engineers', 'Dr. Taifa Micheal', 'YOMBO 5', 244, 'CSE', 'COICT', '2022-06-02 09:56:45', '', 2),
('IS 143', 1, 'Discrete structures', 'Dr. Cosmas Mushi', 'B 310', 78, 'CSE', 'COICT', '2022-06-07 14:47:10', '', 2),
('IS 158', 1, 'Computer hardware and system maintainance', 'Dr. Ismail Abdul', 'B 302', 78, 'CSE', 'COICT', '2022-06-07 14:47:10', '', 2),
('IS 162', 1, 'Introduction to information systems', 'Dr. Ismail Abdul', 'B 302', 78, 'CSE', 'COICT', '2022-06-07 14:41:15', '', 1),
('IS 171', 1, 'Introduction to computer networks', 'Dr. Mercy Mbise', 'D 01', 350, 'CSE', 'COICT', '2022-06-07 14:47:10', '', 2),
('IS 181', 1, 'Web programming', 'Dr. Bernard Musa', 'D 01', 150, 'CSE', 'COICT', '2022-06-07 14:47:10', '', 2),
('IS 236', 2, 'Structured system analysis and design', 'Dr. Salome Maro', 'D 01', 350, 'CSE', 'COICT', '2022-06-07 14:32:27', '', 2),
('IS 237', 2, 'Data abstractions and algorithms', 'Dr. Godfrey Justo', 'B 307', 78, 'CSE', 'COICT', '2022-06-07 14:26:42', '', 1),
('IS 238', 2, 'Mobile application development', 'Dr. Kennedy Mwakisole', 'D 01', 78, 'CSE', 'COICT', '2022-06-07 14:26:42', '', 1),
('IS 239', 2, 'Algorithms and complexity', 'Dr. Godfrey Justo', 'B 310', 78, 'CSE', 'COICT', '2022-06-07 14:32:27', '', 2),
('IS 243', 2, 'Practical training 1', 'Dr. Godfrey Justo', 'CoICT', 350, 'CSE', 'COICT', '2022-06-07 14:26:42', '', 1),
('IS 245', 2, 'Management of IT resources', 'Dr. Angela Jovin', 'YOMBO 1', 0, 'CSE', 'CoICT', '2022-06-22 22:38:53', '', 1),
('IS 246', 2, 'Principles of computer graphics', 'Dr. James Chambua', 'B 302', 78, 'CSE', 'COICT', '2022-06-07 14:26:42', '', 1),
('IS 264', 2, 'Principles of database systems', 'Dr. Henry Kalisti', 'COICT', 150, 'CSE', 'COICT', '2022-06-07 14:26:42', '', 1),
('IS 274', 2, 'Object oriented analysis and design', 'Dr. Salome Maro', 'B 302', 350, 'CSE', 'COICT', '2022-06-07 14:26:42', '', 1),
('IS 283', 2, 'Web services and technologies', 'Dr. Henry Kalisti', 'B 308', 150, 'CSE', 'COICT', '2022-06-07 14:32:27', '', 2),
('IS 335', 3, 'FYP', 'DR COSMAS MUSHI', 'COICT', 244, 'CSE', 'COICT', '2022-06-02 09:56:45', '', 2),
('IS 336', 3, 'Principles of system security', 'Dr. Hellen Maziku', 'B302', 244, 'CSE', 'COICT', '2022-06-02 09:56:45', '', 2),
('IS 337', 3, 'Mobile computing', 'Dr. Jimmy Mbelwa', 'B 305', 244, 'CSE', 'COICT', '2022-06-02 09:56:45', '', 2),
('IS 343', 3, 'Practical training 2', 'Dr. Godfrey Justo', 'B 302', 415, 'CSE', 'COICT', '2022-06-07 14:07:50', '', 1),
('IS 344', 3, 'Human computer interaction', 'Dr. Cosmas Mushi', 'B 310', 244, 'CSE', 'COICT', '2022-06-07 14:07:50', '', 1),
('IS 365', 3, 'Artificial intelligence', 'Dr. James Chambua', 'B 305', 244, 'CSE', 'COICT', '2022-06-02 09:56:45', '', 2),
('IS 367', 0, 'Management of information systems', 'Dr. Honest C. Kimaro', 'DO1', 78, 'CSE', 'COICT', '2022-06-07 14:15:15', '', 1),
('IS 368', 3, 'Data mining and warehousing', 'Dr. Kennedy Mwakisole', 'B 307', 244, 'CSE', 'COICT', '2022-06-02 09:56:45', '', 2),
('IS 369', 3, 'IT audit and controls', 'Dr. Aron Kandoro', 'B305', 108, 'CSE', 'COICT', '2022-06-07 14:07:50', '', 1),
('IS 371', 0, 'System administration in linux', 'Dr. Jimmy Mbelwa', 'B 307', 150, 'CSE', 'COICT', '2022-06-07 14:15:15', '', 1),
('IS 384', 3, 'Software project management', 'Dr. Mathew Mndeme', 'B 307', 35, 'CSE', 'COICT', '2022-06-02 09:56:45', '', 2),
('IS 385', 3, 'Business intelligence', 'Dr. Godfrey Justo', 'B 307', 35, 'CSE', 'COICT', '2022-06-02 09:56:45', '', 2),
('IS 386', 3, 'Enterprise systems', 'Dr. Honest C. Kimaro', 'B 307', 35, 'CSE', 'COICT', '2022-06-02 09:56:45', '', 2),
('IS 387', 3, 'Environmental management of information systems', 'Dr. Wilfred Senyoni', 'B307', 35, 'CSE', 'COICT', '2022-06-07 14:07:50', '', 1),
('MK 301', 3, 'Entrepreneurship ', 'Dr. Winnie Nguni', 'YOMBO 5', 35, 'CSE', 'COICT', '2022-06-08 13:32:38', '', 2),
('MT 100', 1, 'Foundations of analysis', 'Dr. Mlay', 'YOMBO 2', 350, 'CSE', 'COICT', '2022-06-07 14:41:15', '', 1),
('MT 249', 2, 'Mathematical logic and formal semantics', 'Dr. Henry Kalisti', 'COICT', 150, 'CSE', 'COICT', '2022-06-07 14:32:27', '', 2),
('TE 339', 3, 'Telecommunication switching and transmission', 'Dr. Naiman', 'B 310', 105, 'CSE', 'COICT', '0000-00-00 00:00:00', '', 2);

-- --------------------------------------------------------

--
-- Table structure for table `course_allocation`
--

CREATE TABLE `course_allocation` (
  `id` int(11) NOT NULL,
  `course_name` varchar(250) NOT NULL,
  `semester` varchar(2) NOT NULL,
  `evaluator` varchar(50) DEFAULT NULL,
  `assistant` varchar(50) DEFAULT NULL,
  `instructor` varchar(250) NOT NULL
) ENGINE=InnoDB DEFAULT CHARSET=utf8mb4;

--
-- Dumping data for table `course_allocation`
--


INSERT INTO `course_allocation` (`id`, `course_name`, `semester`, `evaluator`, `assistant`, `instructor`) VALUES
(2, 'Computer Organization and	Architecture I', '1', 'Dr. Ruth Kateule', 'Mr.Mwita Sogorya', 'Dr.Diana Rwegasira'),
(3, 'Introduction	to	Information	Systems', '1', 'Dr. Masoud H Mahundi', 'Mr Michael kishiwa', 'Dr. Ruth Kateule'),
(4, 'Programming in C', '1', '', 'Mr Kishiwa', 'Dr. Masoud H. Mahundi'),
(5, 'Measurements & Instrumentation Engineering	I', '1', '', 'Dr	Lujara', 'Dr.Jacqueline Damas'),
(6, 'Computer Network Design	and	Administration', '1', '', 'Mr Zedekia', 'Dr. Yonah Andengelile'),
(7, 'Principles	of Computer	Graphics', '1', '', '', 'Dr. James Chambua'),
(8, 'Data Abstraction and Algorithms', '1', '', '', 'Dr. Godfrey N. Justo'),
(9, 'Mobile	Applications Development', '1', '', '', 'Dr. Frank Kennedy'),
(10, 'Multimedia	System', '1', '', '', 'Dr Mercy Mbise'),
(11, 'Principles of	Database Systems', '1', 'Dr Juma Lungo', 'Mr	Masembo', 'Mr.Henry	Kalisti'),
(12, 'Structured Systems Analysis & Design', '1', '', '', 'Dr. Salome H. Maro'),
(13, 'Principles	of	Operating Systems', '1', '', 'Dr Charles Tarimo', 'Dr. Fatuma Simba'),
(14, 'Human	Computer Interaction', '1', '', '', 'Dr. Joseph C. Mushi'),
(15, 'Software Engineering', '1', '', '', 'Dr.Juma Lungo	/ Dr.Leonard Peter'),
(16, 'Final Year Project', '1', '', '', 'FYP Team'),
(17, 'Trends and Social-cultural	implications of	information Technology', '1', '', '', 'Mr.Hassan	Omary'),
(18, 'Microcomputer Systems I', '1', '', '', 'Dr.Burchard Bagile'),
(19, 'Management of Information Systems', '1', '', '', 'Dr.Honest	Kimaro'),
(20, 'IT Audit and Controls', '1', '', '', 'Dr. Aron W. Kondoro'),
(21, 'System	Administration in Linux', '1', '', '', 'Dr. Jimmy Mbelwa'),
(22, 'Environmental Management	Information	Systems', '1', '', '', 'Dr. Wilfred Senyoni'),
(23, 'Software Quality Assurance and Testing', '1', '', '', 'Dr. Wilbard Nyamwihula'),
(24, 'Modern	Control	Systems	Engineering', '1', '', '', 'Mr.Daudi	Charles / Ms.Merina Marcellino'),
(25, 'Computer Organization and Architecture	III', '1', '', '', 'Dr. Hellen Maziku'),
(26, 'PROGRAMMING IN C', '1', 'DR FATMA', 'DR FATMA', 'Dr. Fatuma Simba'),
(29, 'EMBEDDED SYSTEMS', '1', '', 'Mr. Mwita Sogorwa', 'Dr. Yonah Andengelile'),
(30, 'DEVELOPMENT PERSPECTIVES II', '1', '', 'Mr. Mwita Sogorwa', 'Dr. Wilfred Senyoni'),
(31, 'COMPUTER ORGANISATION I', '1', 'Dr. Aron W. Kondoro', 'Mr. Michael Kishiwa', 'Dr. Ruth Kateule'),
(32, 'DISCRETE STRUCTURES', '2', 'Dr. Yonah Andengelile', 'Mr. Marco Masembo', 'Dr. Honest C. Kimaro'),
(33, 'DISCRETE STRUCTURES', '2', 'Dr. Masoud H. Mahundi', 'Mr. Michael Kishiwa', 'Dr Mercy Mbise');

--
-- Indexes for dumped tables
--

--
-- Indexes for table `course_allocation`
--
ALTER TABLE `course_allocation`
  ADD PRIMARY KEY (`id`);

--
-- AUTO_INCREMENT for dumped tables
--

--
-- AUTO_INCREMENT for table `course_allocation`
--
ALTER TABLE `course_allocation`
  MODIFY `id` int(50) NOT NULL AUTO_INCREMENT, AUTO_INCREMENT=34;
COMMIT;
-- --------------------------------------------------------

--
-- Table structure for table `evaluation_questions`
--

CREATE TABLE `evaluation_questions` (
  `course_code` varchar(200) DEFAULT NULL,
  `1` varchar(200) NOT NULL,
  `2` varchar(200) NOT NULL,
  `3` varchar(200) NOT NULL,
  `4` varchar(200) NOT NULL,
  `5` varchar(200) NOT NULL,
  `6` varchar(200) NOT NULL,
  `7` varchar(200) NOT NULL,
  `8` varchar(200) NOT NULL,
  `9` varchar(200) NOT NULL,
  `10` varchar(200) NOT NULL,
  `11` varchar(200) NOT NULL,
  `12` varchar(200) NOT NULL,
  `13` varchar(200) NOT NULL,
  `14` varchar(200) NOT NULL,
  `15` varchar(200) NOT NULL,
  `16` varchar(200) NOT NULL,
  `17` varchar(200) NOT NULL,
  `18` varchar(200) NOT NULL,
  `19` varchar(200) NOT NULL,
  `harassment_explanation` varchar(200) DEFAULT NULL,
  `id` int(11) NOT NULL,
  `date` datetime DEFAULT current_timestamp()
) ENGINE=InnoDB DEFAULT CHARSET=utf8mb4;

--
-- Dumping data for table `evaluation_questions`
--

INSERT INTO `evaluation_questions` (`course_code`, `1`, `2`, `3`, `4`, `5`, `6`, `7`, `8`, `9`, `10`, `11`, `12`, `13`, `14`, `15`, `16`, `17`, `18`, `19`, `harassment_explanation`, `id`, `date`) VALUES
('MT 100', '1', '1', '1', '1', '1', '1', '1', '1', '1', '1', '1', '1', '1', '1', '1', '1', '1', '1', '1', '', 1, '2022-06-07 16:48:04'),
('MT 100', '1', '1', '1', '1', '1', '1', '1', '1', '1', '1', '1', '1', '1', '1', '1', '1', '1', '1', '1', '', 2, '2022-06-07 16:48:21'),
('MT 100', '1', '1', '1', '1', '1', '1', '1', '1', '1', '1', '1', '1', '1', '1', '1', '1', '1', '1', '1', '', 3, '2022-06-07 17:19:20'),
('CL 111', '1', '1', '1', '1', '1', '1', '1', '1', '1', '1', '1', '1', '1', '1', '1', '1', '1', '1', '1', '', 4, '2022-06-07 17:56:34'),
('CL 111', '1', '1', '1', '1', '1', '1', '1', '1', '1', '1', '2', '1', '1', '1', '1', '1', '1', '1', '1', 'because', 5, '2022-06-07 17:59:30'),
('CS 174', '2', '2', '2', '2', '2', '2', '2', '2', '2', '2', '2', '2', '2', '2', '2', '2', '2', '2', '2', ' ckmdkclz xjiaj!!!!!!', 6, '2022-06-07 18:01:07'),
('CL 111', '3', '2', '1', '1', '2', '5', '1', '5', '4', '2', '1', '4', '5', '2', '1', '1', '5', '4', '5', 'Asperiores itaque in', 7, '2022-06-08 14:55:51'),
('CL 111', '5', '1', '2', '4', '5', '4', '4', '1', '4', '2', '1', '1', '5', '5', '1', '5', '5', '5', '5', 'Doloribus ipsum cupi', 8, '2022-06-08 14:56:09'),
('CL 111', '1', '3', '2', '4', '4', '4', '3', '5', '2', '5', '2', '2', '3', '2', '5', '4', '4', '3', '4', 'Velit sint quia ea n', 9, '2022-06-08 14:56:33'),
('CL 111', '5', '5', '1', '5', '5', '4', '2', '2', '5', '4', '1', '1', '2', '5', '3', '1', '3', '2', '2', 'Dolor cupidatat impe', 10, '2022-06-08 14:56:51'),
('CL 111', '4', '2', '1', '1', '2', '4', '4', '4', '4', '3', '2', '3', '5', '5', '2', '5', '5', '3', '4', 'Quia do iure eius no', 11, '2022-06-08 14:57:58'),
('CL 111', '3', '5', '5', '3', '1', '4', '1', '3', '5', '1', '2', '2', '2', '3', '3', '4', '5', '4', '3', 'Quia fuga Officia c', 12, '2022-06-08 14:58:17'),
('CL 111', '1', '5', '2', '3', '5', '3', '4', '5', '5', '3', '2', '5', '1', '5', '4', '2', '2', '5', '1', 'Dolor eum nisi tempo', 13, '2022-06-08 14:58:37'),
('CL 111', '3', '3', '5', '4', '3', '2', '2', '1', '1', '1', '2', '1', '2', '3', '5', '4', '1', '4', '2', 'Cillum fugit volupt', 14, '2022-06-08 14:58:52'),
('CL 111', '1', '1', '4', '1', '5', '4', '2', '5', '1', '1', '1', '4', '4', '2', '1', '2', '1', '3', '3', '', 15, '2022-06-08 14:59:22'),
('CL 111', '2', '2', '1', '4', '1', '2', '5', '1', '1', '5', '2', '1', '5', '3', '1', '2', '1', '2', '2', 'Et aut labore optio', 16, '2022-06-08 14:59:37'),
('CL 111', '5', '3', '3', '5', '5', '4', '4', '4', '3', '2', '2', '3', '5', '4', '1', '2', '2', '3', '3', 'Minim minim vel volu', 17, '2022-06-08 15:00:00'),
('CL 111', '5', '1', '4', '5', '1', '1', '2', '4', '2', '5', '1', '3', '2', '3', '4', '5', '1', '3', '3', '', 18, '2022-06-08 15:00:24'),
('CL 111', '1', '2', '5', '4', '4', '4', '5', '2', '5', '5', '2', '1', '5', '5', '1', '3', '4', '2', '5', 'Commodi illum dolor', 19, '2022-06-08 15:01:00'),
('CS 354', '4', '5', '5', '1', '2', '2', '2', '3', '5', '3', '2', '2', '5', '3', '2', '5', '3', '2', '3', 'Anim ratione qui sit', 20, '2022-06-08 15:01:18'),
('CL 111', '3', '4', '3', '1', '5', '4', '2', '4', '3', '3', '2', '1', '5', '1', '2', '3', '4', '3', '5', 'Corporis aliquam sap', 21, '2022-06-08 15:01:35'),
('CL 111', '2', '4', '2', '2', '4', '4', '5', '5', '2', '3', '2', '4', '3', '3', '2', '4', '1', '3', '4', 'Asperiores saepe con', 22, '2022-06-08 15:01:58'),
('CL 111', '3', '5', '4', '2', '1', '5', '2', '3', '4', '5', '1', '5', '4', '3', '4', '1', '3', '3', '2', '', 23, '2022-06-08 15:02:26'),
('CL 111', '3', '5', '5', '2', '5', '5', '1', '1', '3', '4', '2', '5', '4', '2', '2', '2', '3', '2', '3', 'Sed rerum possimus ', 24, '2022-06-08 15:03:02'),
('CL 111', '1', '1', '4', '3', '3', '3', '3', '2', '2', '1', '1', '2', '3', '5', '3', '5', '5', '4', '5', '', 25, '2022-06-08 15:03:51'),
('CL 111', '4', '5', '4', '5', '2', '3', '5', '4', '1', '1', '1', '5', '3', '4', '4', '3', '4', '3', '2', '', 26, '2022-06-08 15:05:10'),
('CL 111', '4', '3', '4', '1', '3', '1', '2', '4', '4', '4', '2', '3', '3', '3', '2', '4', '2', '2', '4', 'Voluptate laborum I', 27, '2022-06-08 15:06:12'),
('CL 111', '4', '3', '2', '4', '2', '1', '4', '5', '3', '1', '1', '4', '3', '2', '1', '4', '4', '1', '5', '', 28, '2022-06-08 15:13:54'),
('CL 111', '3', '5', '4', '5', '4', '2', '5', '1', '5', '5', '1', '5', '2', '5', '4', '4', '5', '1', '1', '', 29, '2022-06-08 15:14:53'),
('CL 111', '5', '4', '3', '4', '4', '3', '5', '3', '1', '2', '2', '2', '1', '3', '3', '3', '2', '2', '5', 'Id quia voluptas exe', 30, '2022-06-08 15:15:17'),
('CL 111', '5', '5', '1', '4', '3', '2', '4', '3', '5', '5', '2', '2', '2', '1', '4', '2', '4', '5', '5', 'Excepteur est dignis', 31, '2022-06-08 15:16:04'),
('CL 111', '5', '2', '4', '4', '3', '3', '3', '4', '2', '4', '2', '3', '5', '1', '4', '3', '3', '3', '5', 'Cumque velit duis do', 32, '2022-06-08 15:16:57'),
('CS 174', '5', '4', '1', '1', '1', '4', '2', '3', '3', '1', '1', '1', '3', '4', '3', '1', '2', '3', '2', '', 33, '2022-06-08 15:17:23'),
('CS 174', '1', '3', '2', '2', '2', '5', '3', '5', '2', '2', '2', '3', '3', '2', '2', '1', '4', '5', '5', 'Veritatis sed minima', 34, '2022-06-08 15:17:38'),
('CS 174', '1', '1', '3', '2', '1', '4', '5', '4', '4', '4', '2', '4', '5', '2', '1', '2', '3', '3', '3', 'Cum ratione aliquam ', 35, '2022-06-08 15:17:57'),
('CS 174', '5', '4', '1', '1', '1', '3', '5', '3', '4', '4', '1', '3', '4', '5', '3', '2', '4', '3', '5', '', 36, '2022-06-08 15:18:25'),
('CS 174', '3', '5', '1', '3', '5', '4', '1', '3', '5', '2', '1', '4', '3', '2', '5', '2', '2', '1', '1', '', 37, '2022-06-08 15:18:54'),
('CS 174', '1', '4', '5', '5', '2', '5', '3', '1', '1', '5', '1', '2', '4', '4', '1', '5', '1', '4', '1', '', 38, '2022-06-08 15:19:15'),
('CS 174', '1', '5', '4', '5', '2', '2', '1', '1', '5', '4', '1', '2', '3', '5', '3', '3', '3', '3', '5', '', 39, '2022-06-08 15:19:46'),
('CS 174', '5', '5', '2', '2', '3', '3', '2', '5', '1', '5', '1', '4', '5', '5', '1', '1', '5', '3', '2', '', 40, '2022-06-08 15:20:10'),
('CS 174', '5', '1', '1', '2', '5', '4', '5', '2', '1', '2', '1', '5', '5', '3', '3', '4', '1', '5', '5', '', 41, '2022-06-08 15:20:30'),
('CS 174', '4', '1', '2', '5', '3', '4', '3', '5', '3', '3', '2', '4', '5', '4', '2', '2', '1', '4', '1', 'Repudiandae minim et', 42, '2022-06-08 15:20:54'),
('CS 174', '1', '5', '1', '2', '5', '3', '5', '2', '4', '2', '1', '5', '3', '3', '4', '2', '3', '5', '2', 'Consequuntur anim su', 43, '2022-06-08 15:21:11'),
('CS 174', '3', '1', '2', '5', '4', '3', '2', '5', '1', '3', '2', '2', '1', '4', '5', '4', '4', '1', '4', 'Reprehenderit quo s', 44, '2022-06-08 15:21:32'),
('CS 174', '2', '4', '3', '3', '5', '2', '3', '4', '2', '1', '1', '1', '2', '3', '1', '2', '5', '4', '3', '', 45, '2022-06-08 15:22:00'),
('CS 174', '3', '5', '4', '3', '3', '1', '4', '2', '2', '3', '1', '5', '2', '3', '4', '1', '5', '5', '3', '', 46, '2022-06-08 15:25:30'),
('CS 174', '2', '5', '5', '1', '2', '4', '3', '1', '3', '2', '1', '5', '4', '4', '1', '4', '3', '2', '5', '', 47, '2022-06-08 15:29:05'),
('CS 174', '5', '2', '3', '3', '4', '2', '2', '3', '3', '1', '2', '2', '4', '1', '2', '4', '5', '3', '2', 'Et qui irure volupta', 48, '2022-06-08 15:29:20'),
('CS 174', '1', '4', '4', '3', '5', '3', '3', '3', '5', '3', '1', '3', '2', '2', '1', '3', '1', '5', '5', '', 49, '2022-06-08 15:29:38'),
('CS 174', '2', '2', '1', '5', '5', '3', '4', '3', '4', '2', '2', '4', '3', '4', '2', '3', '1', '4', '1', 'Voluptas et nobis oc', 50, '2022-06-08 15:29:56'),
('CS 174', '4', '4', '1', '4', '1', '5', '4', '3', '1', '3', '1', '3', '4', '2', '4', '4', '2', '1', '2', ' ', 51, '2022-06-08 15:30:25'),
('CS 174', '1', '1', '1', '3', '2', '2', '1', '4', '2', '2', '2', '2', '3', '5', '5', '3', '1', '3', '2', 'Eius fugiat et et v', 52, '2022-06-08 15:30:44'),
('CS 174', '4', '1', '3', '1', '5', '4', '5', '4', '2', '3', '1', '3', '5', '1', '5', '1', '2', '3', '4', '', 53, '2022-06-08 15:31:04'),
('CS 243', '3', '3', '5', '5', '4', '5', '5', '3', '4', '5', '1', '4', '3', '4', '1', '1', '5', '1', '2', '', 54, '2022-06-08 15:32:48'),
('CS 243', '3', '5', '2', '2', '3', '1', '4', '3', '1', '5', '1', '1', '5', '2', '2', '1', '4', '1', '5', '', 55, '2022-06-08 15:33:11'),
('CS 243', '2', '3', '3', '1', '2', '4', '5', '2', '1', '1', '2', '2', '5', '5', '5', '3', '3', '4', '4', 'Et cum deserunt iure', 56, '2022-06-08 15:34:10'),
('CS 243', '5', '3', '5', '5', '1', '2', '4', '2', '5', '4', '2', '5', '1', '1', '4', '4', '4', '3', '5', 'Reiciendis inventore', 57, '2022-06-08 15:34:35'),
('CS 243', '3', '3', '2', '2', '2', '4', '2', '1', '2', '3', '1', '1', '5', '1', '1', '5', '4', '1', '1', '', 58, '2022-06-08 15:34:58'),
('CS 243', '1', '2', '5', '1', '1', '5', '4', '1', '1', '3', '1', '1', '4', '2', '2', '3', '4', '2', '3', '', 59, '2022-06-08 15:35:13'),
('CS 243', '1', '2', '5', '1', '1', '5', '4', '1', '1', '3', '1', '1', '4', '2', '2', '3', '4', '2', '3', '', 60, '2022-06-08 15:35:13'),
('CS 243', '1', '5', '3', '1', '2', '1', '3', '2', '3', '4', '1', '3', '4', '3', '2', '4', '4', '5', '4', '', 61, '2022-06-08 15:35:33'),
('CS 243', '1', '4', '2', '4', '5', '4', '1', '1', '5', '1', '1', '2', '4', '4', '3', '4', '4', '5', '5', '', 62, '2022-06-08 15:35:55'),
('CS 243', '1', '4', '5', '3', '4', '5', '1', '3', '1', '3', '1', '5', '5', '5', '2', '3', '2', '5', '5', '', 63, '2022-06-08 15:36:14'),
('CS 243', '2', '4', '4', '3', '4', '5', '5', '1', '4', '3', '1', '4', '5', '4', '3', '2', '4', '5', '1', '', 64, '2022-06-08 15:36:39'),
('CS 243', '1', '4', '2', '5', '2', '3', '4', '4', '4', '2', '1', '5', '1', '4', '4', '2', '1', '2', '4', '', 65, '2022-06-08 15:37:00'),
('CS 243', '2', '2', '2', '1', '3', '3', '4', '4', '3', '1', '1', '1', '4', '4', '3', '1', '1', '1', '4', '', 66, '2022-06-08 15:37:18'),
('CS 243', '3', '1', '3', '4', '2', '1', '4', '5', '5', '3', '1', '2', '5', '4', '2', '2', '3', '1', '3', '', 67, '2022-06-08 15:37:38'),
('CS 243', '4', '2', '1', '4', '3', '4', '2', '1', '4', '1', '1', '5', '4', '5', '3', '5', '5', '2', '2', '', 68, '2022-06-08 15:37:54'),
('CS 243', '1', '2', '3', '5', '3', '5', '3', '5', '1', '5', '1', '5', '5', '5', '5', '3', '2', '3', '5', '', 69, '2022-06-08 15:38:09'),
('CS 243', '5', '4', '5', '4', '1', '2', '2', '2', '4', '2', '1', '4', '4', '1', '1', '2', '4', '5', '3', '', 70, '2022-06-08 15:38:28'),
('CS 243', '5', '2', '2', '5', '5', '5', '2', '3', '5', '3', '1', '5', '5', '3', '1', '1', '3', '5', '1', '', 71, '2022-06-08 15:38:51'),
('CS 243', '2', '5', '4', '4', '4', '4', '5', '2', '4', '3', '1', '5', '1', '1', '1', '1', '3', '5', '5', '', 72, '2022-06-08 15:40:29'),
('CS 243', '3', '3', '3', '2', '4', '5', '1', '4', '2', '4', '1', '5', '3', '3', '1', '1', '2', '1', '3', '', 73, '2022-06-08 15:40:50'),
('CS 243', '5', '4', '2', '3', '2', '2', '1', '2', '1', '2', '1', '3', '2', '1', '3', '5', '4', '4', '4', '', 74, '2022-06-08 15:41:11'),
('CS 243', '3', '3', '5', '4', '3', '5', '3', '1', '5', '2', '1', '1', '4', '1', '2', '4', '2', '4', '3', '', 75, '2022-06-08 15:41:32'),
('CS 243', '3', '3', '5', '4', '3', '5', '3', '1', '5', '2', '1', '1', '4', '1', '2', '4', '2', '4', '3', '', 76, '2022-06-08 15:41:33'),
('CS 243', '2', '5', '5', '4', '2', '4', '2', '2', '3', '1', '1', '3', '2', '1', '1', '2', '4', '5', '4', '', 77, '2022-06-08 15:41:49'),
('CS 243', '3', '1', '2', '1', '5', '5', '4', '4', '1', '5', '1', '4', '1', '5', '1', '5', '1', '2', '3', '', 78, '2022-06-08 15:42:10'),
('CS 243', '5', '4', '2', '1', '2', '3', '1', '5', '1', '5', '1', '3', '4', '1', '3', '5', '5', '1', '4', '', 79, '2022-06-08 15:42:34'),
('CS 243', '1', '2', '4', '2', '3', '2', '3', '4', '5', '5', '1', '3', '5', '2', '5', '3', '1', '2', '3', '', 80, '2022-06-08 15:42:55'),
('CS 243', '4', '3', '2', '1', '1', '2', '1', '3', '5', '4', '1', '1', '5', '3', '5', '1', '1', '5', '1', '', 81, '2022-06-08 15:43:16'),
('CS 243', '5', '2', '2', '2', '2', '3', '1', '4', '2', '5', '1', '5', '4', '3', '5', '4', '3', '2', '3', '', 82, '2022-06-08 15:43:41'),
('CS 243', '2', '2', '2', '4', '5', '5', '2', '2', '3', '2', '1', '5', '4', '4', '1', '4', '3', '1', '5', '', 83, '2022-06-08 15:44:00'),
('CS 243', '4', '2', '1', '1', '4', '1', '5', '2', '3', '3', '1', '2', '5', '4', '1', '3', '4', '2', '3', '', 84, '2022-06-08 15:44:16'),
('CS 334', '5', '5', '2', '5', '4', '2', '2', '4', '2', '2', '1', '1', '5', '1', '4', '2', '3', '5', '1', '', 85, '2022-06-08 15:51:22'),
('CS 334', '2', '2', '5', '4', '4', '3', '5', '1', '4', '5', '1', '1', '1', '1', '2', '3', '5', '3', '2', '', 86, '2022-06-08 15:51:47'),
('CS 334', '2', '3', '2', '2', '5', '2', '2', '3', '5', '2', '1', '1', '3', '1', '4', '2', '4', '3', '2', '', 87, '2022-06-08 15:52:07'),
('CS 334', '2', '3', '2', '1', '3', '2', '2', '3', '4', '2', '2', '2', '1', '1', '2', '5', '4', '2', '4', 'Adipisicing dolor qu', 88, '2022-06-08 15:52:29'),
('CS 334', '4', '3', '3', '1', '2', '2', '1', '2', '1', '5', '1', '1', '3', '3', '2', '5', '2', '5', '3', '', 89, '2022-06-08 15:52:46'),
('CS 334', '1', '4', '1', '2', '1', '4', '2', '2', '2', '1', '1', '4', '3', '2', '4', '3', '4', '1', '5', '', 90, '2022-06-08 15:53:08'),
('CS 334', '2', '3', '1', '1', '4', '5', '4', '5', '2', '2', '1', '4', '5', '5', '3', '4', '5', '4', '5', '', 91, '2022-06-08 15:53:27'),
('CS 334', '4', '2', '5', '4', '3', '5', '4', '4', '4', '1', '1', '5', '1', '3', '1', '4', '3', '2', '5', '', 92, '2022-06-08 15:53:50'),
('CS 174', '2', '4', '1', '5', '4', '1', '5', '1', '5', '3', '1', '2', '2', '5', '4', '4', '3', '4', '1', '', 93, '2022-06-08 15:54:12'),
('CS 334', '1', '1', '5', '2', '3', '1', '3', '5', '4', '3', '1', '5', '1', '3', '3', '3', '1', '4', '5', '', 94, '2022-06-08 15:54:35'),
('CS 334', '2', '4', '2', '1', '3', '4', '4', '5', '2', '4', '1', '1', '5', '5', '1', '1', '2', '1', '5', '', 95, '2022-06-08 15:55:05'),
('CS 334', '2', '1', '3', '5', '3', '5', '4', '1', '5', '4', '1', '3', '4', '5', '5', '1', '1', '5', '5', '', 96, '2022-06-08 15:55:23'),
('CS 334', '2', '1', '1', '2', '4', '4', '1', '3', '4', '1', '1', '3', '3', '3', '5', '3', '4', '1', '3', '', 97, '2022-06-08 15:55:44'),
('CS 334', '3', '5', '5', '5', '2', '5', '3', '2', '5', '2', '1', '4', '5', '5', '4', '3', '4', '3', '3', '', 98, '2022-06-08 15:56:37'),
('CS 334', '5', '4', '4', '3', '2', '2', '5', '1', '5', '1', '1', '2', '5', '1', '5', '3', '2', '4', '4', '', 99, '2022-06-08 15:56:56'),
('CS 334', '2', '4', '1', '2', '2', '3', '3', '1', '5', '2', '1', '4', '3', '1', '2', '1', '1', '4', '1', '', 100, '2022-06-08 15:57:17'),
('CS 334', '5', '5', '1', '5', '1', '4', '5', '3', '4', '5', '1', '2', '4', '3', '5', '4', '2', '1', '4', '', 101, '2022-06-08 15:57:39'),
('CS 334', '3', '3', '1', '2', '2', '4', '3', '2', '2', '3', '1', '4', '2', '2', '1', '2', '2', '2', '4', '', 102, '2022-06-08 15:57:59'),
('CS 334', '4', '2', '5', '5', '2', '3', '3', '5', '4', '2', '1', '4', '4', '3', '5', '4', '4', '3', '3', '', 103, '2022-06-08 15:58:24'),
('CS 334', '2', '1', '2', '3', '4', '3', '2', '1', '2', '4', '1', '1', '3', '2', '2', '4', '4', '3', '1', '', 104, '2022-06-08 15:58:46'),
('CS 334', '2', '2', '5', '3', '2', '3', '2', '2', '5', '4', '1', '2', '1', '4', '2', '3', '4', '5', '1', '', 105, '2022-06-08 15:59:15'),
('CS 334', '1', '2', '2', '3', '4', '5', '1', '3', '4', '1', '1', '1', '4', '3', '1', '3', '2', '5', '2', '', 106, '2022-06-08 15:59:36'),
('CS 354', '4', '5', '2', '3', '1', '2', '3', '2', '5', '4', '2', '5', '5', '5', '5', '4', '3', '1', '2', 'Qui eligendi ducimus', 107, '2022-06-08 16:00:23'),
('CS 354', '3', '1', '2', '2', '1', '4', '2', '2', '5', '4', '2', '2', '4', '1', '1', '4', '4', '2', '5', 'Excepteur eligendi u', 108, '2022-06-08 16:02:01'),
('CS 354', '3', '5', '1', '5', '3', '4', '4', '5', '5', '5', '1', '1', '3', '1', '4', '3', '2', '4', '4', '', 109, '2022-06-08 16:02:20'),
('CS 354', '1', '3', '5', '2', '2', '3', '5', '3', '3', '2', '1', '5', '2', '3', '1', '5', '5', '1', '1', '', 110, '2022-06-08 16:02:39'),
('CS 354', '1', '1', '4', '5', '2', '4', '2', '1', '4', '5', '1', '2', '4', '3', '4', '3', '2', '4', '3', '', 111, '2022-06-08 16:03:00'),
('CS 354', '2', '3', '2', '1', '5', '1', '4', '4', '5', '2', '1', '3', '3', '3', '4', '5', '4', '3', '3', '', 112, '2022-06-08 16:03:22'),
('CS 354', '1', '3', '3', '4', '3', '2', '5', '2', '3', '2', '1', '2', '3', '5', '4', '5', '3', '5', '4', '', 113, '2022-06-08 16:03:56'),
('CS 354', '5', '3', '5', '3', '1', '3', '3', '4', '5', '1', '1', '5', '4', '4', '5', '5', '2', '5', '2', '', 114, '2022-06-08 16:05:04'),
('CS 354', '4', '2', '3', '4', '4', '3', '4', '4', '2', '1', '1', '3', '3', '5', '3', '4', '2', '5', '4', '', 115, '2022-06-08 16:05:25'),
('CS 354', '4', '2', '5', '1', '1', '4', '4', '3', '4', '2', '1', '2', '4', '5', '3', '1', '3', '1', '5', '', 116, '2022-06-08 16:06:32'),
('CS 354', '5', '4', '1', '3', '4', '1', '1', '3', '2', '1', '1', '2', '5', '2', '2', '4', '4', '1', '2', '', 117, '2022-06-08 16:06:55'),
('DS 113', '4', '1', '3', '2', '2', '5', '5', '1', '5', '3', '1', '3', '5', '4', '2', '2', '1', '3', '3', '', 118, '2022-06-08 16:19:02'),
('DS 113', '4', '2', '1', '3', '4', '1', '4', '4', '2', '4', '1', '5', '1', '3', '5', '4', '4', '3', '1', '\r\n', 119, '2022-06-08 16:39:17'),
('DS 113', '5', '2', '1', '4', '3', '4', '2', '2', '4', '5', '1', '5', '3', '3', '2', '1', '4', '1', '4', '', 120, '2022-06-08 16:39:37'),
('DS 113', '1', '2', '5', '3', '5', '4', '1', '3', '5', '1', '1', '3', '5', '3', '3', '5', '2', '2', '1', '', 121, '2022-06-08 16:39:58'),
('DS 113', '4', '5', '4', '2', '5', '5', '1', '1', '1', '5', '1', '2', '3', '2', '2', '1', '4', '2', '5', '', 122, '2022-06-08 16:40:19'),
('DS 113', '4', '5', '2', '1', '2', '5', '2', '2', '3', '2', '1', '4', '4', '3', '5', '3', '2', '4', '2', '', 123, '2022-06-08 16:40:36'),
('DS 113', '3', '2', '1', '1', '1', '4', '2', '5', '2', '4', '1', '2', '2', '1', '1', '2', '3', '4', '5', '', 124, '2022-06-08 16:40:53'),
('DS 113', '2', '5', '2', '5', '5', '1', '4', '3', '4', '3', '1', '2', '5', '5', '3', '1', '2', '5', '1', '', 125, '2022-06-08 16:41:12'),
('DS 113', '1', '2', '1', '1', '3', '4', '1', '2', '1', '2', '1', '3', '3', '3', '1', '4', '2', '3', '1', '', 126, '2022-06-08 16:41:28'),
('DS 113', '4', '4', '2', '1', '2', '2', '2', '2', '1', '4', '1', '2', '3', '1', '5', '3', '5', '5', '1', '', 127, '2022-06-08 16:41:45'),
('DS 113', '5', '1', '2', '4', '4', '3', '2', '1', '3', '5', '1', '2', '3', '1', '3', '1', '4', '2', '4', '', 128, '2022-06-08 16:42:04'),
('DS 113', '2', '2', '5', '5', '5', '4', '4', '3', '2', '3', '1', '1', '2', '2', '3', '4', '3', '5', '3', '', 129, '2022-06-08 16:42:23'),
('DS 113', '1', '2', '1', '4', '2', '1', '4', '2', '3', '2', '1', '2', '1', '3', '5', '1', '5', '5', '3', '', 130, '2022-06-08 16:42:44'),
('DS 113', '4', '4', '2', '5', '4', '4', '2', '3', '2', '3', '1', '1', '4', '1', '4', '2', '2', '1', '3', '', 131, '2022-06-08 16:43:04'),
('DS 113', '2', '5', '1', '2', '4', '1', '5', '5', '2', '2', '1', '3', '2', '4', '1', '4', '4', '4', '5', '', 132, '2022-06-08 16:43:22'),
('DS 113', '3', '3', '5', '5', '5', '4', '5', '5', '3', '4', '1', '3', '3', '1', '3', '2', '1', '4', '4', '', 133, '2022-06-08 16:43:37'),
('DS 113', '2', '4', '4', '5', '5', '1', '3', '1', '2', '3', '1', '3', '1', '3', '5', '3', '1', '1', '2', '', 134, '2022-06-08 16:44:00'),
('DS 113', '4', '5', '4', '5', '1', '1', '1', '5', '3', '5', '1', '3', '5', '3', '3', '2', '2', '3', '4', '', 135, '2022-06-08 16:44:18'),
('DS 113', '4', '4', '2', '1', '2', '1', '3', '3', '1', '1', '1', '2', '4', '2', '4', '3', '3', '3', '1', '', 136, '2022-06-08 16:44:34'),
('DS 113', '2', '2', '4', '1', '4', '3', '2', '1', '4', '2', '1', '3', '2', '4', '1', '1', '1', '2', '5', '', 137, '2022-06-08 16:44:48'),
('DS 113', '5', '3', '5', '4', '5', '2', '5', '2', '3', '1', '1', '2', '5', '1', '1', '4', '2', '4', '1', '', 138, '2022-06-08 16:45:07'),
('DS 113', '2', '5', '5', '3', '1', '3', '5', '2', '1', '3', '1', '1', '4', '5', '3', '5', '2', '3', '5', '', 139, '2022-06-08 16:45:24'),
('IS 158', '1', '4', '3', '4', '3', '3', '4', '3', '1', '4', '1', '2', '4', '5', '3', '4', '5', '5', '1', '', 140, '2022-06-08 16:45:43'),
('IS 158', '4', '1', '4', '1', '1', '2', '4', '3', '5', '1', '2', '5', '1', '4', '2', '4', '1', '2', '3', 'Non velit laboris si', 141, '2022-06-08 16:46:01'),
('IS 158', '5', '5', '2', '4', '3', '3', '5', '2', '2', '5', '1', '2', '1', '4', '2', '5', '4', '1', '5', '', 142, '2022-06-08 16:46:20'),
('IS 158', '4', '4', '2', '3', '2', '5', '1', '4', '4', '2', '1', '3', '5', '5', '5', '1', '5', '5', '2', '', 143, '2022-06-08 16:46:41'),
('IS 158', '2', '5', '3', '1', '4', '4', '5', '5', '2', '5', '1', '1', '2', '5', '1', '1', '1', '1', '4', '', 144, '2022-06-08 16:47:01'),
('IS 158', '4', '2', '4', '3', '1', '5', '3', '3', '2', '3', '1', '2', '4', '3', '1', '2', '2', '3', '4', '', 145, '2022-06-08 16:47:15'),
('IS 158', '2', '5', '2', '2', '3', '3', '3', '4', '3', '1', '1', '2', '4', '3', '3', '1', '5', '1', '5', '', 146, '2022-06-08 16:47:28'),
('IS 158', '5', '3', '4', '1', '1', '4', '1', '4', '3', '5', '1', '4', '4', '4', '3', '4', '4', '3', '2', '', 147, '2022-06-08 16:47:45'),
('IS 158', '5', '3', '1', '5', '5', '2', '4', '3', '3', '2', '1', '2', '5', '2', '1', '1', '4', '4', '5', '', 148, '2022-06-08 16:47:59'),
('IS 158', '5', '3', '1', '4', '2', '4', '5', '5', '5', '2', '1', '2', '4', '5', '3', '4', '3', '2', '2', '', 149, '2022-06-08 16:48:16'),
('IS 158', '5', '3', '3', '2', '2', '2', '1', '1', '4', '5', '1', '1', '2', '3', '3', '5', '1', '2', '2', '', 150, '2022-06-08 16:48:34'),
('IS 158', '5', '1', '1', '3', '4', '1', '5', '2', '4', '2', '1', '5', '3', '3', '1', '1', '3', '4', '4', '', 151, '2022-06-08 16:48:52'),
('IS 158', '4', '2', '5', '3', '5', '3', '3', '2', '3', '1', '1', '2', '2', '3', '4', '3', '2', '2', '5', '', 152, '2022-06-08 16:49:05'),
('IS 181', '3', '3', '1', '4', '1', '4', '2', '5', '5', '3', '2', '2', '5', '3', '3', '2', '3', '3', '5', 'Id sit omnis quos as', 153, '2022-06-08 16:49:27'),
('IS 181', '4', '4', '1', '1', '4', '5', '2', '4', '1', '3', '1', '2', '1', '3', '2', '5', '5', '4', '3', '', 154, '2022-06-08 16:49:43'),
('IS 181', '3', '5', '2', '3', '5', '2', '1', '1', '1', '4', '2', '5', '4', '4', '3', '3', '5', '4', '4', 'Aut tempora eligendi', 155, '2022-06-08 16:49:57'),
('IS 181', '5', '2', '5', '2', '2', '5', '1', '2', '5', '1', '2', '4', '4', '1', '5', '2', '4', '3', '2', 'Quam molestias aliqu', 156, '2022-06-08 16:50:10'),
('IS 181', '2', '5', '1', '5', '1', '2', '5', '5', '4', '3', '2', '2', '5', '2', '2', '5', '5', '4', '5', 'Unde mollit mollitia', 157, '2022-06-08 16:50:51'),
('IS 181', '5', '1', '4', '4', '1', '4', '3', '3', '3', '4', '1', '4', '4', '2', '5', '1', '4', '5', '1', '', 158, '2022-06-08 16:51:08'),
('IS 181', '5', '5', '2', '4', '3', '1', '1', '3', '5', '2', '2', '1', '5', '4', '3', '2', '1', '4', '5', 'Pariatur Vero sit ', 159, '2022-06-08 16:51:20'),
('IS 181', '2', '3', '2', '1', '3', '3', '2', '4', '5', '4', '2', '1', '4', '3', '5', '5', '4', '3', '1', 'Dolor nesciunt mini', 160, '2022-06-08 16:51:34'),
('IS 181', '5', '4', '5', '4', '1', '4', '4', '4', '2', '5', '1', '1', '5', '4', '3', '1', '1', '2', '3', '', 161, '2022-06-08 16:51:49'),
('IS 181', '4', '1', '3', '1', '2', '4', '4', '2', '4', '1', '1', '4', '4', '3', '3', '1', '1', '2', '4', '', 162, '2022-06-08 16:52:05'),
('IS 181', '1', '5', '2', '5', '4', '2', '2', '4', '3', '3', '1', '5', '1', '4', '5', '5', '1', '2', '2', '', 163, '2022-06-08 16:52:22'),
('IS 181', '5', '2', '3', '4', '5', '1', '4', '1', '4', '5', '1', '3', '4', '2', '2', '1', '4', '3', '4', '', 164, '2022-06-08 16:52:40'),
('IS 181', '5', '2', '4', '5', '2', '4', '1', '2', '5', '4', '1', '3', '3', '4', '5', '4', '3', '5', '2', '', 165, '2022-06-08 16:52:59'),
('IS 181', '3', '2', '3', '3', '2', '5', '4', '5', '5', '1', '1', '3', '4', '3', '5', '2', '5', '5', '1', '', 166, '2022-06-08 16:53:16'),
('IS 181', '3', '5', '3', '5', '3', '5', '2', '5', '2', '2', '1', '1', '5', '4', '5', '3', '3', '5', '1', '', 167, '2022-06-08 16:53:34'),
('IS 181', '1', '5', '2', '3', '1', '2', '3', '3', '5', '2', '1', '1', '4', '1', '4', '2', '3', '1', '5', '', 168, '2022-06-08 16:53:54'),
('IS 181', '2', '5', '3', '4', '3', '4', '2', '2', '1', '3', '1', '2', '2', '5', '1', '1', '1', '4', '2', '', 169, '2022-06-08 16:54:11'),
('IS 181', '3', '1', '1', '1', '5', '3', '3', '2', '1', '5', '1', '5', '5', '4', '3', '3', '4', '3', '3', '', 170, '2022-06-08 16:54:27'),
('IS 181', '2', '2', '4', '1', '5', '4', '4', '2', '3', '3', '1', '2', '4', '2', '4', '2', '3', '3', '3', '', 171, '2022-06-08 16:54:44'),
('CS 151', '1', '2', '3', '5', '2', '4', '5', '3', '3', '5', '1', '2', '2', '4', '2', '1', '2', '1', '4', '', 172, '2022-06-08 16:55:37'),
('MK 301', '4', '4', '1', '4', '5', '2', '4', '2', '2', '1', '2', '4', '2', '4', '3', '5', '3', '3', '5', 'Et aspernatur quasi ', 173, '2022-06-15 11:56:09'),
('MK 301', '2', '3', '5', '4', '4', '1', '1', '5', '2', '1', '2', '5', '4', '4', '4', '2', '2', '2', '5', 'Est sint distinctio', 174, '2022-06-15 11:56:33'),
('MK 301', '5', '5', '1', '3', '5', '3', '4', '2', '1', '2', '1', '3', '2', '5', '4', '5', '2', '3', '1', '', 175, '2022-06-15 11:56:54'),
('MK 301', '2', '4', '1', '4', '3', '1', '1', '2', '4', '5', '1', '2', '4', '5', '2', '1', '3', '2', '5', '', 176, '2022-06-15 11:57:16'),
('MK 301', '2', '4', '5', '1', '4', '2', '4', '2', '1', '4', '1', '3', '1', '3', '3', '3', '5', '4', '1', '', 177, '2022-06-15 11:57:37'),
('MK 301', '5', '4', '2', '4', '2', '4', '2', '5', '4', '3', '1', '4', '2', '3', '1', '5', '1', '5', '2', '', 178, '2022-06-15 11:58:33'),
('MK 301', '2', '4', '1', '4', '3', '5', '2', '3', '4', '2', '1', '5', '3', '3', '3', '5', '1', '4', '5', '', 179, '2022-06-15 11:58:56'),
('MK 301', '5', '3', '4', '2', '1', '5', '1', '5', '5', '5', '1', '1', '4', '3', '5', '2', '2', '1', '2', '', 180, '2022-06-15 11:59:21'),
('MK 301', '4', '1', '3', '3', '5', '3', '1', '2', '5', '2', '1', '5', '4', '4', '4', '5', '1', '3', '3', '', 181, '2022-06-15 11:59:46'),
('MK 301', '2', '4', '5', '2', '3', '4', '5', '1', '5', '5', '1', '3', '1', '3', '3', '4', '4', '5', '1', '', 182, '2022-06-15 12:00:18'),
('MK 301', '2', '3', '5', '1', '5', '3', '1', '4', '4', '5', '1', '2', '3', '3', '5', '5', '4', '1', '3', '', 183, '2022-06-15 12:00:39'),
('MK 301', '4', '5', '5', '2', '2', '4', '1', '1', '5', '4', '1', '3', '5', '2', '4', '4', '2', '3', '1', '', 184, '2022-06-15 12:01:07'),
('MK 301', '2', '2', '4', '4', '3', '2', '4', '4', '5', '2', '1', '1', '3', '4', '1', '4', '5', '1', '5', '', 185, '2022-06-15 12:01:48'),
('MK 301', '2', '1', '5', '4', '3', '4', '1', '5', '5', '1', '1', '3', '3', '2', '2', '3', '3', '2', '1', '', 186, '2022-06-15 12:03:16'),
('MK 301', '5', '3', '1', '1', '5', '3', '4', '5', '4', '3', '1', '2', '4', '3', '3', '5', '2', '4', '1', '', 187, '2022-06-15 12:03:42'),
('MK 301', '5', '3', '5', '4', '3', '4', '3', '3', '4', '3', '1', '2', '5', '5', '5', '5', '1', '2', '3', '', 188, '2022-06-15 12:04:42'),
('MK 301', '1', '3', '3', '1', '4', '2', '3', '3', '5', '5', '1', '2', '3', '5', '3', '1', '5', '5', '5', '', 189, '2022-06-15 12:10:00'),
('MK 301', '2', '2', '3', '1', '4', '5', '3', '5', '4', '5', '1', '1', '1', '4', '3', '5', '3', '4', '5', '', 190, '2022-06-15 12:11:40'),
('MK 301', '4', '3', '1', '5', '1', '4', '4', '1', '1', '2', '2', '1', '4', '1', '3', '2', '4', '3', '3', 'Natus quisquam est ', 191, '2022-06-15 12:12:16'),
('CS 252', '4', '1', '2', '3', '1', '5', '3', '1', '2', '5', '1', '3', '1', '5', '2', '4', '3', '5', '4', '', 192, '2022-06-15 12:19:41'),
('CS 252', '4', '3', '3', '4', '5', '1', '3', '2', '4', '3', '1', '4', '2', '4', '3', '5', '3', '2', '4', '', 193, '2022-06-15 12:20:03'),
('CS 252', '2', '1', '1', '3', '5', '3', '3', '3', '5', '2', '1', '4', '3', '2', '5', '3', '1', '2', '4', '', 194, '2022-06-15 12:20:36'),
('CS 252', '4', '1', '1', '1', '2', '3', '3', '1', '5', '5', '1', '2', '4', '3', '5', '4', '5', '5', '3', '', 195, '2022-06-15 12:20:55'),
('CS 252', '5', '1', '4', '1', '3', '2', '4', '2', '5', '2', '1', '1', '4', '5', '3', '4', '5', '4', '5', '', 196, '2022-06-15 12:21:18'),
('CS 252', '2', '1', '1', '3', '5', '4', '1', '3', '2', '3', '1', '4', '2', '4', '5', '3', '1', '5', '1', '', 197, '2022-06-15 12:21:37'),
('CS 252', '2', '1', '4', '2', '3', '5', '2', '2', '1', '1', '1', '1', '1', '1', '1', '2', '5', '1', '2', '', 198, '2022-06-15 12:21:55'),
('CS 252', '5', '5', '3', '3', '3', '3', '1', '5', '2', '2', '1', '4', '4', '1', '3', '2', '5', '3', '4', '', 199, '2022-06-15 12:22:15'),
('CS 252', '3', '4', '3', '3', '1', '5', '1', '2', '4', '5', '1', '4', '2', '2', '2', '5', '1', '5', '5', '', 200, '2022-06-15 12:26:14'),
('CS 252', '1', '3', '5', '3', '1', '4', '4', '2', '1', '3', '1', '1', '5', '4', '2', '5', '3', '5', '2', '', 201, '2022-06-15 12:26:32'),
('CS 252', '2', '3', '5', '2', '4', '3', '5', '1', '3', '4', '1', '4', '2', '4', '1', '5', '5', '5', '3', '', 202, '2022-06-15 12:26:51'),
('CS 252', '5', '5', '3', '2', '4', '1', '2', '5', '2', '5', '2', '2', '5', '1', '2', '3', '5', '1', '5', 'Fugiat temporibus ne', 203, '2022-06-15 12:27:18'),
('CS 252', '2', '1', '1', '3', '5', '3', '2', '2', '4', '4', '1', '3', '1', '3', '5', '2', '5', '4', '1', '', 204, '2022-06-15 12:27:36'),
('CS 252', '2', '4', '1', '4', '2', '5', '5', '5', '4', '2', '1', '3', '5', '2', '3', '1', '1', '2', '5', '', 205, '2022-06-15 12:27:57'),
('CS 252', '4', '1', '4', '4', '5', '2', '3', '4', '4', '4', '1', '4', '2', '5', '2', '4', '5', '4', '1', '', 206, '2022-06-15 12:28:32'),
('CS 252', '5', '2', '3', '5', '3', '1', '4', '4', '5', '2', '1', '2', '1', '2', '5', '5', '5', '5', '3', '', 207, '2022-06-15 12:28:55'),
('CS 252', '5', '1', '1', '3', '5', '5', '5', '2', '4', '1', '1', '1', '1', '3', '2', '2', '4', '5', '2', '', 208, '2022-06-15 12:29:16'),
('CS 252', '2', '2', '5', '4', '1', '2', '4', '5', '4', '5', '1', '2', '4', '5', '5', '3', '5', '2', '1', '', 209, '2022-06-15 12:29:47'),
('CS 252', '1', '4', '4', '3', '1', '3', '5', '3', '3', '4', '1', '1', '3', '4', '3', '3', '4', '3', '1', '', 210, '2022-06-15 12:31:00'),
('CS 252', '3', '1', '2', '3', '5', '5', '2', '4', '1', '5', '1', '4', '3', '4', '5', '2', '4', '4', '4', '', 211, '2022-06-15 12:31:19'),
('CS 252', '2', '3', '3', '5', '5', '1', '3', '2', '3', '4', '1', '2', '3', '4', '4', '1', '3', '1', '4', '', 212, '2022-06-15 12:31:40'),
('CS 252', '4', '1', '1', '1', '3', '5', '3', '4', '5', '5', '1', '3', '4', '2', '4', '3', '2', '3', '2', '', 213, '2022-06-15 12:32:35'),
('CS 252', '5', '4', '4', '2', '3', '2', '3', '2', '3', '1', '1', '5', '2', '1', '1', '2', '3', '5', '1', '', 214, '2022-06-15 12:32:51'),
('CS 252', '3', '5', '3', '2', '4', '2', '3', '2', '5', '5', '1', '1', '2', '2', '4', '5', '3', '1', '4', '', 215, '2022-06-15 12:33:19'),
('CS 252', '2', '4', '4', '4', '3', '3', '4', '3', '5', '3', '1', '2', '4', '5', '1', '5', '3', '4', '3', '', 216, '2022-06-15 12:33:39'),
('CS 252', '3', '5', '5', '2', '2', '5', '3', '4', '3', '2', '1', '1', '3', '1', '1', '3', '1', '3', '2', '', 217, '2022-06-15 12:34:01'),
('CS 252', '2', '5', '2', '5', '4', '3', '5', '4', '4', '3', '1', '1', '2', '1', '3', '2', '5', '2', '2', '', 218, '2022-06-15 12:34:20'),
('CS 252', '5', '4', '4', '5', '4', '5', '3', '5', '5', '4', '1', '5', '1', '3', '5', '3', '2', '2', '2', '', 219, '2022-06-15 12:34:47'),
('CS 252', '3', '4', '3', '3', '3', '4', '1', '4', '4', '2', '1', '4', '1', '2', '1', '4', '2', '5', '4', '', 220, '2022-06-15 12:35:05'),
('CS 252', '1', '4', '3', '1', '4', '2', '4', '4', '5', '4', '1', '1', '2', '2', '2', '2', '1', '4', '3', '', 221, '2022-06-15 12:35:23'),
('CS 252', '4', '4', '3', '3', '2', '3', '2', '4', '3', '4', '1', '2', '5', '2', '3', '2', '2', '2', '3', '', 222, '2022-06-15 12:35:39'),
('CS 335', '4', '5', '1', '2', '5', '2', '1', '3', '2', '3', '2', '3', '3', '1', '1', '2', '5', '3', '3', 'Ea omnis blanditiis ', 223, '2022-06-15 12:36:42'),
('CS 335', '1', '5', '5', '5', '4', '1', '1', '1', '4', '1', '1', '5', '5', '3', '5', '3', '5', '5', '2', '', 224, '2022-06-15 12:36:58'),
('CS 335', '3', '3', '3', '5', '3', '3', '1', '2', '5', '1', '1', '4', '2', '1', '5', '1', '1', '3', '5', '', 225, '2022-06-15 12:37:25'),
('CS 335', '3', '1', '3', '4', '2', '3', '3', '4', '2', '3', '1', '1', '2', '2', '4', '2', '5', '3', '1', '', 226, '2022-06-15 12:37:51'),
('CS 335', '3', '2', '5', '2', '5', '3', '5', '3', '5', '4', '2', '1', '5', '5', '4', '2', '1', '1', '3', 'Ad consequat Quod v', 227, '2022-06-15 12:38:51'),
('CS 335', '1', '4', '4', '5', '2', '3', '3', '4', '1', '4', '2', '2', '5', '4', '2', '2', '4', '1', '1', 'Magni quisquam volup', 228, '2022-06-15 12:39:07'),
('CS 335', '2', '5', '5', '4', '2', '2', '1', '5', '2', '2', '1', '4', '2', '2', '2', '3', '1', '1', '1', '', 229, '2022-06-15 12:39:40'),
('CS 335', '5', '1', '4', '2', '1', '3', '2', '2', '1', '5', '1', '3', '2', '4', '1', '4', '3', '1', '4', '', 230, '2022-06-15 12:40:01'),
('CS 335', '1', '1', '5', '3', '3', '4', '5', '3', '4', '5', '1', '1', '4', '4', '1', '3', '4', '5', '3', '', 231, '2022-06-15 12:40:21'),
('CS 335', '1', '4', '4', '4', '5', '1', '1', '4', '1', '5', '1', '4', '1', '3', '2', '1', '5', '4', '4', '', 232, '2022-06-15 12:40:41'),
('CS 335', '1', '5', '3', '1', '5', '1', '5', '1', '2', '5', '1', '2', '2', '1', '5', '5', '5', '5', '2', '', 233, '2022-06-15 12:41:01'),
('CS 335', '3', '3', '1', '3', '4', '1', '1', '3', '4', '5', '1', '3', '5', '4', '4', '5', '4', '5', '5', '', 234, '2022-06-15 12:41:34'),
('CS 335', '3', '3', '1', '1', '1', '5', '1', '1', '4', '4', '2', '3', '4', '5', '5', '1', '3', '3', '3', 'Amet dolor saepe ra', 235, '2022-06-15 12:41:49'),
('CS 335', '4', '5', '2', '4', '1', '1', '1', '3', '5', '3', '2', '3', '1', '4', '4', '1', '2', '1', '1', 'Sit vel nemo sunt ni', 236, '2022-06-15 12:42:23'),
('CS 356', '3', '3', '3', '2', '4', '1', '1', '5', '5', '5', '1', '1', '1', '2', '5', '4', '3', '4', '2', '', 237, '2022-06-15 13:10:09'),
('CS 356', '1', '2', '3', '2', '2', '5', '1', '1', '2', '4', '1', '2', '4', '5', '3', '4', '3', '5', '4', '', 238, '2022-06-15 13:10:27'),
('CS 356', '5', '5', '5', '4', '4', '5', '4', '1', '3', '2', '2', '1', '5', '5', '1', '3', '1', '2', '4', 'Aut voluptatibus asp', 239, '2022-06-15 13:10:47'),
('CS 356', '4', '4', '2', '4', '3', '3', '4', '5', '1', '1', '2', '3', '5', '1', '5', '2', '4', '2', '5', 'Blanditiis reiciendi', 240, '2022-06-15 13:11:02'),
('CS 356', '3', '3', '4', '2', '5', '5', '4', '2', '1', '1', '2', '3', '3', '2', '2', '3', '1', '2', '3', 'Non quo excepturi of', 241, '2022-06-15 13:11:16'),
('CS 356', '3', '2', '5', '3', '5', '4', '4', '5', '4', '4', '1', '3', '4', '5', '1', '4', '1', '5', '4', '', 242, '2022-06-15 13:11:35'),
('CS 356', '5', '2', '2', '4', '2', '4', '2', '4', '5', '2', '1', '2', '3', '1', '4', '2', '5', '2', '4', '', 243, '2022-06-15 13:11:56'),
('CS 356', '5', '3', '2', '5', '4', '1', '2', '4', '4', '4', '1', '4', '2', '5', '2', '3', '1', '3', '2', '', 244, '2022-06-15 13:12:15'),
('CS 356', '1', '2', '3', '1', '4', '4', '3', '1', '4', '2', '1', '5', '1', '3', '5', '1', '4', '2', '1', '', 245, '2022-06-15 13:12:41'),
('CS 356', '5', '3', '4', '2', '4', '1', '3', '5', '5', '2', '1', '1', '5', '3', '4', '3', '5', '2', '5', '', 246, '2022-06-15 13:13:01'),
('CS 356', '5', '1', '2', '3', '4', '4', '1', '2', '2', '3', '1', '5', '1', '3', '4', '2', '5', '2', '3', '', 247, '2022-06-15 13:13:24'),
('CS 356', '2', '3', '4', '1', '1', '5', '4', '4', '2', '2', '1', '4', '1', '5', '1', '4', '5', '3', '3', '', 248, '2022-06-15 13:13:45'),
('CS 356', '3', '4', '1', '5', '5', '2', '3', '5', '1', '1', '1', '4', '1', '1', '4', '4', '2', '1', '1', '', 249, '2022-06-15 13:14:06'),
('CS 356', '2', '5', '3', '3', '1', '4', '3', '4', '5', '2', '1', '3', '1', '4', '3', '4', '5', '5', '3', '', 250, '2022-06-15 13:14:30'),
('CS 356', '1', '2', '1', '1', '1', '4', '4', '2', '5', '5', '1', '2', '5', '3', '2', '2', '4', '3', '1', '', 251, '2022-06-15 13:14:51'),
('CS 356', '5', '2', '2', '3', '5', '4', '1', '1', '3', '1', '1', '3', '4', '1', '4', '2', '4', '4', '3', '', 252, '2022-06-15 13:15:11'),
('CS 356', '2', '2', '3', '3', '4', '2', '2', '1', '5', '3', '1', '4', '2', '2', '2', '2', '3', '3', '5', '', 253, '2022-06-15 13:15:30'),
('CS 356', '5', '4', '3', '3', '5', '3', '3', '1', '3', '3', '1', '2', '3', '5', '1', '5', '4', '1', '3', '', 254, '2022-06-15 13:15:50'),
('GM 300', '4', '4', '3', '1', '1', '3', '1', '2', '5', '1', '1', '4', '2', '4', '4', '3', '2', '5', '2', '', 255, '2022-06-15 13:16:14'),
('GM 300', '1', '5', '1', '1', '1', '5', '1', '4', '4', '1', '1', '3', '4', '5', '3', '1', '5', '2', '4', '', 256, '2022-06-15 13:16:41'),
('GM 300', '4', '4', '5', '2', '2', '1', '3', '5', '4', '3', '2', '4', '3', '3', '3', '4', '5', '4', '4', 'Tempore dolorem mag', 257, '2022-06-15 13:16:58'),
('GM 300', '5', '3', '4', '4', '2', '1', '5', '5', '5', '4', '1', '1', '4', '4', '2', '2', '3', '4', '1', '', 258, '2022-06-15 13:17:25'),
('GM 300', '2', '1', '2', '5', '3', '1', '3', '5', '3', '1', '1', '2', '4', '2', '5', '3', '3', '4', '3', '', 259, '2022-06-15 13:18:18'),
('GM 300', '3', '5', '5', '4', '4', '3', '5', '5', '3', '1', '1', '2', '5', '3', '3', '5', '2', '2', '5', '', 260, '2022-06-15 13:18:40'),
('GM 300', '3', '2', '5', '3', '5', '5', '3', '4', '3', '5', '1', '1', '4', '4', '1', '5', '4', '2', '1', '', 261, '2022-06-15 13:19:02'),
('GM 300', '4', '1', '2', '4', '1', '1', '1', '2', '3', '3', '1', '3', '4', '1', '2', '2', '1', '1', '4', '', 262, '2022-06-15 13:19:24'),
('GM 300', '3', '5', '1', '4', '5', '3', '4', '4', '2', '3', '1', '2', '3', '5', '3', '5', '3', '1', '1', '', 263, '2022-06-15 13:19:48'),
('GM 300', '3', '4', '1', '1', '4', '5', '2', '1', '4', '1', '1', '1', '5', '2', '4', '5', '1', '2', '1', '', 264, '2022-06-15 13:20:11'),
('GM 300', '4', '1', '3', '2', '3', '4', '3', '5', '3', '2', '1', '2', '1', '4', '3', '2', '2', '3', '1', '', 265, '2022-06-15 13:20:31'),
('GM 300', '2', '5', '3', '1', '5', '2', '5', '5', '4', '4', '1', '2', '4', '4', '1', '1', '2', '2', '4', '', 266, '2022-06-15 13:20:52'),
('GM 300', '2', '1', '5', '3', '1', '2', '1', '1', '2', '5', '1', '1', '4', '4', '4', '4', '2', '1', '5', '', 267, '2022-06-15 13:21:20'),
('GM 300', '4', '3', '4', '4', '2', '4', '2', '4', '1', '2', '1', '3', '2', '3', '4', '2', '5', '1', '2', '', 268, '2022-06-15 13:21:39'),
('GM 300', '5', '4', '4', '1', '5', '4', '2', '5', '5', '4', '2', '1', '3', '4', '2', '5', '2', '4', '4', 'Voluptate odio reici', 269, '2022-06-15 13:21:54'),
('GM 300', '1', '5', '3', '5', '4', '5', '2', '3', '4', '1', '2', '5', '5', '4', '1', '2', '1', '2', '1', 'Voluptatem Nam accus', 270, '2022-06-15 13:22:22'),
('GM 300', '2', '1', '2', '2', '1', '2', '1', '5', '2', '4', '1', '2', '5', '4', '1', '1', '3', '3', '4', '', 271, '2022-06-15 13:22:41'),
('GM 300', '5', '5', '3', '2', '3', '1', '3', '2', '5', '1', '1', '3', '4', '1', '5', '3', '1', '2', '3', '', 272, '2022-06-15 13:23:05'),
('GM 300', '5', '3', '1', '3', '3', '2', '2', '3', '2', '2', '1', '4', '4', '2', '2', '2', '1', '2', '4', '', 273, '2022-06-15 13:23:26'),
('GM 300', '2', '4', '3', '4', '4', '5', '4', '1', '4', '2', '1', '4', '1', '3', '4', '1', '4', '2', '5', '', 274, '2022-06-15 13:24:20'),
('GM 300', '2', '1', '4', '1', '2', '3', '1', '2', '3', '5', '1', '1', '1', '2', '4', '5', '2', '1', '5', '', 275, '2022-06-15 13:24:38'),
('GM 300', '2', '1', '4', '1', '2', '3', '1', '2', '3', '5', '1', '1', '1', '2', '4', '5', '2', '1', '5', '', 276, '2022-06-15 13:24:39'),
('GM 300', '2', '5', '1', '2', '1', '3', '3', '4', '2', '4', '1', '4', '4', '1', '3', '2', '5', '4', '4', '', 277, '2022-06-15 13:25:02'),
('GM 300', '5', '2', '1', '5', '4', '3', '1', '5', '3', '5', '1', '4', '5', '4', '4', '2', '2', '1', '4', '', 278, '2022-06-15 13:25:25'),
('CS 323', '4', '1', '1', '1', '3', '4', '3', '3', '5', '1', '1', '5', '5', '1', '5', '2', '1', '2', '1', '', 279, '2022-06-15 13:34:46'),
('CS 323', '1', '5', '3', '4', '4', '4', '3', '2', '3', '5', '1', '5', '5', '5', '2', '1', '3', '2', '2', '', 280, '2022-06-15 13:35:08'),
('CS 323', '4', '5', '1', '3', '2', '3', '4', '1', '4', '5', '1', '3', '4', '4', '3', '1', '4', '3', '2', '', 281, '2022-06-15 13:35:31'),
('CS 323', '3', '5', '2', '4', '3', '1', '4', '5', '1', '2', '1', '4', '1', '5', '3', '3', '5', '5', '5', '', 282, '2022-06-15 13:35:47'),
('CS 323', '5', '3', '1', '2', '3', '1', '5', '4', '3', '4', '2', '4', '4', '4', '5', '5', '1', '1', '5', 'Et eligendi veniam ', 283, '2022-06-15 13:36:02'),
('CS 323', '1', '2', '3', '3', '4', '3', '2', '1', '4', '1', '1', '2', '1', '4', '4', '2', '4', '3', '3', '', 284, '2022-06-15 13:36:22'),
('CS 323', '4', '3', '1', '1', '5', '3', '2', '2', '4', '4', '2', '1', '2', '2', '2', '5', '5', '5', '3', 'Consequuntur laboris', 285, '2022-06-15 13:36:36'),
('CS 323', '5', '4', '4', '4', '4', '2', '3', '3', '5', '5', '1', '1', '2', '1', '1', '2', '2', '3', '5', '', 286, '2022-06-15 13:37:23'),
('CS 323', '5', '5', '5', '5', '1', '1', '4', '2', '3', '5', '1', '3', '2', '4', '3', '1', '1', '3', '2', '', 287, '2022-06-15 13:37:42'),
('CS 323', '1', '2', '1', '1', '1', '1', '4', '3', '4', '2', '1', '4', '2', '4', '1', '5', '5', '4', '3', '', 288, '2022-06-15 13:38:02'),
('CS 323', '3', '4', '1', '3', '1', '4', '4', '4', '3', '2', '1', '3', '3', '5', '1', '1', '2', '5', '3', '', 289, '2022-06-15 13:38:22'),
('CS 323', '5', '2', '5', '1', '5', '4', '5', '3', '2', '2', '1', '3', '4', '3', '4', '5', '5', '2', '5', '', 290, '2022-06-15 13:38:42'),
('CS 323', '3', '4', '5', '3', '2', '2', '1', '4', '5', '4', '1', '1', '1', '5', '1', '1', '3', '2', '2', '', 291, '2022-06-15 13:39:03'),
('CS 323', '1', '2', '2', '3', '2', '4', '2', '1', '4', '5', '1', '1', '3', '2', '3', '4', '3', '4', '4', '', 292, '2022-06-15 13:39:29'),
('CS 323', '2', '5', '2', '3', '5', '2', '2', '1', '1', '4', '1', '3', '4', '5', '3', '5', '2', '4', '4', '', 293, '2022-06-15 13:39:52'),
('CS 323', '5', '2', '1', '4', '4', '1', '1', '2', '5', '4', '1', '1', '4', '5', '1', '2', '2', '2', '5', '', 294, '2022-06-15 13:40:13'),
('CS 323', '3', '4', '2', '4', '4', '4', '2', '1', '1', '1', '1', '5', '2', '5', '3', '5', '1', '2', '2', '', 295, '2022-06-15 13:40:36'),
('CS 323', '1', '4', '5', '2', '3', '1', '5', '1', '5', '3', '1', '2', '2', '2', '4', '3', '5', '5', '2', '', 296, '2022-06-15 13:40:55'),
('CS 323', '3', '3', '1', '3', '3', '2', '5', '4', '4', '5', '1', '1', '2', '1', '4', '3', '3', '1', '5', '', 297, '2022-06-15 13:41:20'),
('CS 323', '3', '5', '4', '1', '1', '3', '1', '4', '5', '3', '1', '2', '1', '3', '3', '4', '1', '5', '4', '', 298, '2022-06-15 13:41:41'),
('CS 323', '3', '3', '5', '5', '2', '5', '5', '5', '3', '4', '1', '5', '1', '2', '4', '4', '3', '1', '1', '', 299, '2022-06-15 13:42:01'),
('CS 323', '4', '3', '4', '2', '5', '3', '2', '2', '1', '5', '1', '4', '1', '1', '3', '1', '2', '4', '1', '', 300, '2022-06-15 13:42:23'),
('CS 323', '4', '1', '1', '1', '4', '1', '5', '3', '4', '3', '1', '4', '4', '4', '4', '5', '2', '4', '3', '', 301, '2022-06-15 13:42:46'),
('CS 348', '3', '4', '1', '1', '3', '3', '1', '2', '5', '2', '1', '1', '5', '2', '2', '1', '2', '5', '5', '', 302, '2022-06-15 13:59:27'),
('CS 348', '2', '3', '2', '3', '1', '3', '4', '3', '2', '3', '1', '3', '3', '5', '3', '4', '2', '4', '2', '', 303, '2022-06-15 13:59:46'),
('CS 348', '1', '3', '4', '4', '2', '5', '4', '2', '2', '4', '1', '1', '4', '1', '1', '4', '4', '2', '1', '', 304, '2022-06-15 14:00:05'),
('CS 348', '5', '4', '4', '1', '5', '4', '1', '5', '2', '4', '1', '3', '4', '1', '2', '3', '3', '3', '2', '', 305, '2022-06-15 14:00:25'),
('CS 348', '5', '3', '3', '2', '3', '4', '1', '2', '3', '1', '1', '4', '1', '2', '2', '4', '3', '5', '3', '', 306, '2022-06-15 14:01:20'),
('CS 348', '1', '1', '5', '1', '4', '1', '4', '4', '1', '2', '1', '5', '2', '4', '5', '1', '5', '5', '1', '', 307, '2022-06-15 14:01:51'),
('CS 348', '1', '4', '2', '3', '2', '3', '3', '2', '3', '4', '1', '4', '3', '4', '5', '4', '2', '1', '3', '', 308, '2022-06-15 14:02:28'),
('CS 348', '2', '2', '1', '2', '5', '3', '2', '5', '5', '2', '1', '3', '1', '5', '3', '3', '1', '2', '1', '', 309, '2022-06-15 14:04:11'),
('CS 348', '3', '3', '5', '5', '5', '1', '1', '3', '1', '1', '1', '4', '2', '2', '3', '4', '5', '3', '1', '', 310, '2022-06-15 14:04:30'),
('CS 348', '1', '5', '1', '4', '5', '5', '2', '1', '5', '2', '1', '5', '2', '4', '4', '5', '5', '3', '3', '', 311, '2022-06-15 14:04:49'),
('CS 348', '2', '3', '3', '5', '4', '5', '2', '4', '5', '4', '1', '4', '4', '4', '2', '2', '5', '5', '2', '', 312, '2022-06-15 14:05:11'),
('CS 348', '5', '5', '5', '5', '3', '4', '4', '2', '4', '5', '1', '1', '3', '2', '2', '1', '4', '1', '5', '', 313, '2022-06-15 14:05:43'),
('CS 348', '5', '4', '2', '2', '1', '5', '2', '4', '1', '5', '1', '2', '1', '2', '3', '4', '4', '2', '2', '', 314, '2022-06-15 14:06:06'),
('CS 348', '4', '3', '5', '3', '1', '3', '4', '3', '1', '2', '1', '3', '2', '3', '5', '4', '3', '5', '4', '', 315, '2022-06-15 14:11:29'),
('CS 348', '1', '2', '4', '4', '4', '2', '1', '4', '2', '3', '1', '4', '1', '5', '1', '5', '3', '2', '3', '', 316, '2022-06-15 14:11:53'),
('CS 348', '3', '1', '3', '2', '1', '5', '1', '5', '2', '3', '1', '4', '4', '5', '1', '1', '2', '1', '2', '', 317, '2022-06-15 14:12:18'),
('CS 348', '2', '1', '3', '1', '4', '4', '2', '2', '4', '1', '1', '1', '3', '1', '5', '1', '3', '3', '1', '', 318, '2022-06-15 14:12:39'),
('CS 348', '5', '4', '4', '1', '5', '2', '2', '3', '1', '5', '1', '4', '1', '1', '2', '2', '5', '3', '1', '', 319, '2022-06-15 14:12:58'),
('CS 348', '1', '2', '1', '4', '5', '3', '2', '2', '2', '2', '1', '4', '2', '3', '2', '4', '3', '1', '2', '', 320, '2022-06-15 14:13:21'),
('CS 348', '4', '4', '3', '5', '2', '1', '3', '2', '5', '4', '1', '5', '1', '4', '4', '2', '5', '1', '4', '', 321, '2022-06-15 14:13:41'),
('CS 348', '5', '4', '1', '3', '5', '5', '3', '3', '5', '2', '1', '2', '1', '1', '1', '5', '5', '3', '2', '', 322, '2022-06-15 14:14:02'),
('CS 348', '5', '1', '4', '5', '4', '4', '2', '5', '4', '1', '1', '4', '2', '1', '5', '4', '5', '5', '4', '', 323, '2022-06-15 14:14:20'),
('CS 348', '4', '3', '1', '3', '4', '1', '2', '1', '5', '4', '1', '3', '3', '2', '2', '4', '3', '4', '4', '', 324, '2022-06-15 14:14:38'),
('CS 348', '2', '4', '3', '1', '4', '3', '4', '3', '5', '3', '1', '1', '3', '4', '2', '1', '4', '5', '5', '', 325, '2022-06-15 14:14:57'),
('IE 445', '3', '3', '1', '1', '4', '1', '4', '2', '5', '2', '1', '4', '2', '5', '5', '5', '2', '4', '5', '', 326, '2022-06-15 14:17:41'),
('IE 445', '3', '3', '1', '2', '3', '2', '1', '1', '5', '1', '1', '4', '1', '2', '2', '5', '5', '5', '4', '', 327, '2022-06-15 14:18:05'),
('IE 445', '1', '5', '1', '3', '3', '1', '2', '1', '2', '4', '1', '3', '4', '5', '4', '5', '4', '5', '5', '', 328, '2022-06-15 14:18:47'),
('IE 445', '5', '1', '2', '2', '3', '2', '5', '2', '5', '2', '1', '5', '3', '5', '5', '2', '3', '3', '4', '', 329, '2022-06-15 14:20:43'),
('IE 445', '3', '4', '5', '5', '5', '2', '3', '3', '4', '1', '1', '5', '4', '4', '2', '2', '4', '1', '5', '', 330, '2022-06-15 14:27:28'),
('IE 445', '2', '5', '1', '5', '3', '1', '5', '1', '4', '2', '1', '5', '5', '2', '3', '5', '3', '1', '3', '', 331, '2022-06-15 14:27:49'),
('IE 445', '3', '3', '4', '4', '4', '4', '2', '2', '4', '5', '1', '4', '5', '5', '4', '1', '4', '2', '1', '', 332, '2022-06-15 14:28:08'),
('IE 445', '1', '4', '1', '5', '1', '5', '5', '4', '4', '5', '1', '3', '3', '4', '4', '3', '3', '2', '1', '', 333, '2022-06-15 14:28:25'),
('IE 445', '1', '5', '4', '4', '1', '1', '1', '4', '4', '5', '1', '1', '2', '2', '3', '2', '5', '5', '4', '', 334, '2022-06-15 14:28:44'),
('IE 445', '3', '5', '3', '1', '5', '4', '2', '5', '5', '1', '1', '3', '3', '1', '5', '3', '4', '5', '5', '', 335, '2022-06-15 14:29:03'),
('IE 445', '4', '1', '5', '5', '1', '2', '4', '4', '4', '4', '1', '3', '3', '5', '4', '1', '1', '2', '1', '', 336, '2022-06-15 14:29:21'),
('IE 445', '2', '4', '1', '3', '5', '3', '3', '3', '4', '2', '1', '5', '2', '2', '4', '4', '5', '1', '1', '', 337, '2022-06-15 14:30:24'),
('IE 445', '1', '4', '1', '4', '2', '5', '1', '5', '1', '3', '1', '3', '1', '5', '2', '3', '1', '5', '1', '', 338, '2022-06-15 14:30:46'),
('IE 445', '5', '1', '3', '4', '2', '4', '4', '5', '2', '1', '1', '4', '4', '1', '2', '2', '5', '4', '5', '', 339, '2022-06-15 14:31:06'),
('IE 445', '1', '1', '4', '3', '4', '5', '4', '5', '5', '4', '1', '2', '1', '2', '4', '5', '5', '1', '5', '', 340, '2022-06-15 14:31:27'),
('IE 445', '1', '2', '3', '5', '4', '4', '5', '5', '3', '2', '1', '5', '5', '3', '4', '4', '5', '3', '1', '', 341, '2022-06-15 14:42:43'),
('IE 445', '5', '2', '1', '4', '4', '2', '1', '2', '5', '1', '1', '5', '5', '4', '4', '5', '3', '3', '4', '', 342, '2022-06-15 14:43:00'),
('IE 445', '1', '5', '3', '4', '3', '5', '2', '1', '5', '4', '1', '4', '3', '4', '2', '1', '4', '1', '2', '', 343, '2022-06-15 14:43:17'),
('IE 445', '2', '4', '4', '1', '5', '1', '5', '2', '1', '4', '1', '3', '2', '4', '5', '3', '4', '2', '2', '', 344, '2022-06-15 14:43:34'),
('IE 445', '5', '3', '2', '3', '1', '4', '1', '5', '4', '5', '1', '4', '4', '1', '4', '5', '2', '5', '2', '', 345, '2022-06-15 14:43:57'),
('IE 445', '1', '3', '3', '3', '4', '2', '1', '5', '2', '2', '1', '1', '1', '1', '3', '1', '3', '4', '1', '', 346, '2022-06-15 14:44:16'),
('IS 158', '3', '3', '3', '5', '1', '4', '5', '1', '1', '4', '1', '5', '3', '4', '4', '4', '1', '3', '5', '', 347, '2022-06-18 14:22:13'),
('MK 301', '4', '4', '2', '1', '3', '3', '2', '5', '2', '2', '2', '2', '4', '3', '5', '1', '2', '2', '4', 'Tempor voluptatum si', 348, '2022-06-18 15:36:57'),
('MK 301', '4', '4', '2', '3', '4', '5', '2', '1', '1', '3', '1', '1', '4', '4', '3', '2', '5', '1', '2', '', 349, '2022-06-18 15:50:23'),
('MK 301', '4', '5', '2', '2', '5', '4', '2', '5', '5', '1', '2', '1', '5', '3', '1', '1', '1', '2', '1', 'Incidunt obcaecati ', 350, '2022-06-18 15:53:33'),
('CS 354', '4', '1', '1', '5', '1', '1', '4', '5', '2', '2', '1', '3', '5', '3', '3', '5', '4', '1', '4', '', 351, '2022-06-18 17:12:11'),
('MK 301', '4', '1', '4', '3', '3', '3', '2', '5', '1', '5', '1', '5', '2', '4', '5', '5', '1', '1', '3', '', 352, '2022-06-18 18:35:34'),
('MK 301', '5', '4', '5', '5', '2', '2', '3', '5', '3', '3', '1', '3', '5', '3', '3', '2', '3', '1', '1', '', 353, '2022-06-18 18:35:55'),
('MK 301', '3', '1', '4', '2', '5', '3', '1', '5', '4', '1', '1', '3', '4', '5', '2', '3', '3', '1', '5', '', 354, '2022-06-18 18:36:23'),
('MK 301', '3', '5', '4', '3', '5', '5', '3', '1', '1', '3', '2', '1', '1', '3', '5', '3', '5', '5', '1', 'Incididunt esse vel', 355, '2022-06-18 18:53:53');
INSERT INTO `evaluation_questions` (`course_code`, `1`, `2`, `3`, `4`, `5`, `6`, `7`, `8`, `9`, `10`, `11`, `12`, `13`, `14`, `15`, `16`, `17`, `18`, `19`, `harassment_explanation`, `id`, `date`) VALUES
('MK 301', '3', '1', '4', '1', '5', '4', '3', '2', '4', '5', '1', '2', '5', '1', '4', '5', '3', '1', '1', '', 356, '2022-06-18 19:17:39'),
('GM 300', '5', '4', '3', '3', '4', '5', '4', '2', '5', '2', '1', '2', '2', '1', '1', '2', '1', '5', '2', '', 357, '2022-06-18 19:36:13'),
('CS 354', '3', '4', '5', '2', '5', '5', '2', '4', '2', '1', '1', '1', '2', '1', '2', '2', '1', '1', '5', '', 358, '2022-06-18 21:52:21'),
('MK 301', '1', '1', '3', '2', '5', '3', '4', '5', '4', '1', '2', '5', '4', '3', '2', '5', '2', '2', '2', 'Esse anim aut minim ', 359, '2022-06-18 21:54:04'),
('MK 301', '3', '4', '3', '3', '2', '2', '4', '1', '1', '5', '2', '2', '5', '3', '2', '3', '5', '3', '3', 'Labore quia dicta co', 360, '2022-06-18 21:54:25'),
('MK 301', '3', '4', '3', '3', '2', '2', '4', '1', '1', '5', '2', '2', '5', '3', '2', '3', '5', '3', '3', 'Labore quia dicta co', 361, '2022-06-18 21:54:59'),
('MK 301', '3', '4', '3', '3', '2', '2', '4', '1', '1', '5', '2', '2', '5', '3', '2', '3', '5', '3', '3', 'Labore quia dicta co', 362, '2022-06-18 21:55:35'),
('MK 301', '3', '2', '4', '5', '2', '1', '3', '1', '1', '4', '2', '1', '3', '5', '4', '5', '2', '2', '5', 'Ut in labore quis te', 363, '2022-06-18 21:58:14'),
('MK 301', '4', '1', '5', '3', '5', '1', '5', '1', '1', '2', '1', '4', '2', '5', '2', '2', '1', '2', '3', '', 364, '2022-06-18 21:59:17'),
('MK 301', '3', '1', '4', '2', '3', '1', '5', '2', '5', '1', '1', '1', '5', '5', '1', '1', '2', '5', '1', '', 365, '2022-06-18 22:17:03'),
('MK 301', '5', '2', '1', '1', '3', '1', '4', '5', '1', '2', '1', '2', '1', '4', '4', '4', '2', '4', '2', '', 366, '2022-06-18 22:24:08'),
('MK 301', '4', '1', '5', '2', '5', '1', '3', '1', '1', '2', '2', '4', '5', '1', '3', '5', '2', '5', '3', 'Dolorum ipsam aliqua', 367, '2022-06-18 23:04:56'),
('MK 301', '2', '4', '1', '3', '2', '1', '1', '3', '2', '1', '2', '4', '4', '5', '2', '5', '4', '3', '4', 'Adipisci elit do ei', 368, '2022-06-18 23:36:45'),
('MK 301', '3', '4', '3', '5', '4', '2', '1', '1', '5', '3', '1', '5', '4', '4', '4', '2', '1', '5', '4', '', 369, '2022-06-18 23:49:07'),
('MK 301', '4', '2', '2', '2', '2', '5', '2', '5', '5', '4', '1', '2', '1', '3', '2', '5', '3', '1', '2', '', 370, '2022-06-18 23:49:59'),
('MK 301', '4', '2', '2', '2', '2', '5', '2', '5', '5', '4', '1', '2', '1', '3', '2', '5', '3', '1', '2', '', 371, '2022-06-18 23:50:20'),
('MK 301', '1', '4', '5', '2', '5', '2', '2', '2', '5', '5', '1', '5', '2', '4', '4', '3', '2', '4', '5', '', 372, '2022-06-18 23:50:54'),
('MK 301', '1', '3', '4', '1', '4', '4', '2', '1', '1', '4', '1', '5', '1', '1', '3', '2', '1', '3', '1', '', 373, '2022-06-18 23:51:38'),
('MK 301', '5', '2', '1', '1', '3', '2', '3', '1', '3', '2', '1', '5', '1', '2', '1', '2', '4', '1', '1', '', 374, '2022-06-18 23:52:27'),
('MK 301', '5', '4', '4', '2', '1', '4', '5', '5', '5', '4', '1', '2', '1', '2', '4', '3', '4', '5', '5', 'Fugit ut officia re', 375, '2022-06-18 23:52:49'),
('CS 354', '4', '1', '3', '5', '3', '3', '3', '4', '4', '2', '1', '4', '3', '3', '1', '2', '2', '4', '1', '', 376, '2022-06-18 23:53:49'),
('MK 301', '4', '2', '2', '2', '5', '4', '2', '3', '1', '1', '2', '4', '1', '1', '4', '3', '4', '4', '2', 'Sint proident cill', 377, '2022-06-18 23:54:13'),
('CS 334', '3', '5', '2', '5', '2', '2', '5', '5', '3', '5', '1', '1', '5', '5', '5', '1', '4', '4', '1', '', 378, '2022-06-18 23:56:11'),
('MK 301', '4', '5', '2', '1', '5', '2', '3', '1', '4', '5', '1', '3', '4', '1', '2', '3', '3', '3', '3', '', 379, '2022-06-18 23:56:38'),
('MK 301', '1', '2', '3', '2', '2', '5', '4', '1', '2', '2', '1', '2', '3', '3', '4', '4', '5', '3', '3', '', 380, '2022-06-19 00:15:42'),
('MK 301', '3', '5', '3', '2', '4', '1', '2', '2', '2', '3', '1', '4', '3', '5', '1', '3', '3', '5', '3', '', 381, '2022-06-19 00:16:40'),
('MK 301', '1', '3', '2', '5', '3', '3', '4', '2', '1', '1', '1', '5', '4', '5', '3', '3', '5', '5', '1', '', 382, '2022-06-19 00:24:19'),
('MK 301', '2', '2', '5', '4', '2', '4', '4', '5', '1', '5', '1', '2', '1', '5', '4', '5', '1', '3', '5', '', 383, '2022-06-19 00:25:57'),
('MK 301', '3', '4', '4', '3', '1', '1', '5', '5', '2', '5', '1', '3', '5', '3', '3', '3', '2', '4', '2', '', 384, '2022-06-19 00:27:19'),
('MK 301', '3', '2', '2', '4', '5', '5', '3', '4', '4', '5', '1', '2', '5', '2', '3', '3', '5', '5', '1', '', 385, '2022-06-19 00:32:12'),
('MK 301', '1', '3', '1', '4', '4', '4', '3', '2', '4', '4', '2', '5', '1', '4', '3', '4', '3', '5', '1', 'Illo possimus occae', 386, '2022-06-19 00:33:46'),
('MK 301', '5', '1', '2', '3', '5', '4', '1', '2', '2', '2', '1', '3', '4', '1', '3', '1', '3', '4', '4', '', 387, '2022-06-19 00:35:13'),
('MK 301', '1', '1', '4', '5', '5', '5', '1', '1', '1', '4', '1', '5', '3', '4', '5', '5', '4', '5', '2', '', 388, '2022-06-19 00:37:43'),
('MK 301', '5', '4', '4', '2', '2', '4', '3', '3', '5', '1', '1', '1', '2', '4', '3', '2', '3', '4', '1', '', 389, '2022-06-19 00:49:14'),
('MK 301', '3', '4', '3', '3', '1', '2', '5', '4', '2', '4', '2', '2', '3', '1', '2', '5', '2', '1', '3', 'In sit explicabo V', 390, '2022-06-19 01:04:32'),
('MK 301', '2', '1', '5', '1', '5', '4', '5', '3', '4', '2', '1', '3', '3', '5', '2', '1', '5', '1', '4', '', 391, '2022-06-19 01:15:55'),
('CS 354', '1', '2', '4', '5', '1', '2', '2', '5', '3', '3', '2', '5', '1', '4', '5', '1', '5', '5', '2', 'Ut dolor exercitatio', 392, '2022-06-19 01:16:53'),
('GM 300', '5', '5', '5', '1', '2', '3', '4', '2', '1', '3', '1', '3', '3', '1', '2', '2', '1', '1', '2', '', 393, '2022-06-19 02:00:42'),
('CS 335', '4', '1', '2', '1', '3', '3', '1', '2', '5', '4', '1', '2', '3', '1', '3', '4', '1', '2', '2', '', 394, '2022-06-19 02:12:14'),
('CS 348', '3', '3', '2', '4', '2', '4', '3', '3', '3', '3', '1', '2', '1', '3', '3', '4', '2', '3', '2', 'Corrupti placeat e', 395, '2022-06-19 02:21:24'),
('CS 335', '4', '1', '5', '3', '2', '5', '2', '5', '2', '4', '1', '5', '1', '3', '1', '2', '4', '5', '4', '', 396, '2022-06-19 02:59:06'),
('CS 335', '4', '1', '4', '2', '1', '3', '2', '4', '5', '2', '2', '3', '1', '4', '4', '5', '1', '3', '2', 'Sint possimus in q', 397, '2022-06-19 02:59:59'),
('GM 300', '4', '1', '1', '1', '4', '3', '1', '3', '1', '1', '1', '2', '2', '2', '2', '2', '2', '2', '2', '', 398, '2022-06-19 03:50:25'),
('CS 356', '5', '3', '4', '3', '3', '2', '2', '5', '5', '2', '1', '5', '4', '3', '5', '3', '4', '1', '4', '', 399, '2022-06-21 13:54:44'),
('GM 300', '1', '3', '3', '4', '5', '3', '5', '3', '3', '3', '1', '3', '2', '5', '5', '5', '5', '2', '3', 'Dolore aut ea corrup', 400, '2022-06-22 05:10:25'),
('CS 354', '3', '1', '1', '4', '2', '2', '4', '5', '4', '2', '1', '3', '5', '3', '1', '2', '3', '2', '3', 'Vitae et adipisci in', 401, '2022-06-22 12:47:22'),
('CS 354', '5', '2', '2', '5', '1', '4', '5', '2', '1', '5', '2', '4', '2', '1', '4', '3', '5', '3', '3', 'Quos eaque aut in od', 402, '2022-06-22 12:48:40'),
('IE 445', '1', '5', '5', '1', '5', '1', '1', '2', '3', '4', '2', '4', '4', '5', '1', '4', '5', '4', '4', 'Sunt velit consequa', 403, '2022-06-22 12:53:42'),
('CS 348', '2', '5', '2', '4', '2', '4', '2', '4', '2', '4', '2', '2', '5', '4', '2', '1', '3', '3', '2', 'Amet sit eu dolores', 404, '2022-06-22 12:58:04'),
('CS 348', '2', '4', '4', '3', '4', '3', '2', '2', '4', '1', '2', '1', '4', '2', '1', '3', '3', '4', '3', 'Aute quaerat et mole', 405, '2022-06-22 12:58:18'),
('CS 334', '2', '3', '4', '4', '5', '2', '2', '1', '1', '1', '1', '3', '4', '3', '5', '5', '3', '3', '3', 'Velit officia dolore', 406, '2022-06-22 13:01:42'),
('CS 323', '2', '4', '2', '1', '5', '1', '5', '4', '1', '2', '2', '1', '2', '3', '3', '1', '3', '3', '3', 'Id eligendi quibusda', 407, '2022-06-22 13:09:19'),
('CS 323', '3', '4', '2', '4', '3', '1', '3', '4', '4', '4', '1', '2', '4', '5', '3', '1', '1', '1', '5', 'Fugiat magni est e', 408, '2022-06-22 13:10:21'),
('MK 301', '2', '1', '2', '1', '1', '1', '5', '4', '1', '1', '2', '3', '2', '2', '2', '1', '3', '4', '5', 'In natus qui omnis a', 409, '2022-06-22 13:18:16'),
('MK 301', '4', '1', '5', '4', '1', '5', '3', '5', '5', '2', '1', '5', '1', '4', '4', '3', '4', '5', '3', 'Praesentium ipsum v', 410, '2022-06-22 13:19:22'),
('MK 301', '3', '4', '3', '5', '2', '5', '3', '5', '3', '5', '1', '2', '5', '5', '2', '4', '1', '5', '1', 'Quos consequat Culp', 411, '2022-06-22 13:19:51'),
('CS 348', '3', '3', '1', '4', '3', '5', '4', '5', '5', '1', '1', '3', '5', '4', '4', '5', '2', '2', '5', 'Quaerat aperiam vero', 412, '2022-06-22 13:24:49'),
('CS 348', '4', '1', '2', '5', '1', '4', '5', '3', '5', '4', '1', '3', '5', '1', '1', '3', '3', '4', '4', 'Similique voluptatib', 413, '2022-06-22 13:25:23'),
('CS 354', '5', '2', '3', '5', '2', '2', '3', '3', '1', '1', '1', '1', '4', '2', '3', '1', '4', '5', '5', '', 414, '2022-06-22 14:54:08'),
('CS 354', '3', '4', '4', '2', '1', '2', '4', '4', '2', '1', '2', '4', '4', '3', '4', '4', '2', '1', '1', 'Dolorum cupiditate a', 415, '2022-06-22 14:55:59'),
('CS 334', '5', '4', '2', '1', '5', '2', '2', '1', '1', '2', '1', '4', '3', '1', '2', '1', '1', '3', '2', '', 416, '2022-06-22 14:57:32'),
('CS 323', '5', '4', '4', '1', '5', '5', '1', '3', '1', '3', '2', '5', '2', '1', '5', '1', '1', '1', '2', 'Molestiae nisi eius ', 417, '2022-06-22 15:06:07'),
('CS 323', '3', '1', '3', '5', '5', '5', '2', '2', '2', '2', '2', '3', '2', '1', '4', '3', '1', '5', '2', 'Fugiat voluptatem E', 418, '2022-06-22 15:07:44'),
('CS 323', '3', '1', '3', '5', '5', '5', '2', '2', '2', '2', '2', '3', '2', '1', '4', '3', '1', '5', '2', 'Fugiat voluptatem E', 419, '2022-06-22 15:08:10'),
('GM 300', '3', '2', '3', '2', '5', '4', '5', '4', '5', '2', '1', '5', '1', '1', '4', '4', '1', '2', '2', '', 420, '2022-06-22 15:08:32'),
('CS 348', '3', '4', '1', '4', '4', '5', '2', '3', '2', '2', '2', '4', '1', '3', '3', '3', '5', '1', '4', 'Quia iste sit quia ', 421, '2022-06-22 15:09:27'),
('CS 335', '2', '1', '1', '1', '3', '4', '4', '2', '3', '5', '1', '1', '1', '3', '2', '3', '5', '2', '1', '', 422, '2022-06-22 15:10:07'),
('CS 348', '2', '5', '5', '5', '3', '5', '4', '3', '5', '4', '2', '1', '4', '2', '2', '2', '2', '1', '1', 'Ipsa ipsum soluta c', 423, '2022-06-22 15:31:54'),
('CS 323', '5', '5', '4', '5', '2', '3', '5', '4', '1', '3', '1', '4', '3', '2', '2', '5', '3', '1', '1', '', 424, '2022-06-22 16:10:46'),
('MK 301', '1', '1', '1', '1', '3', '3', '4', '5', '5', '3', '1', '5', '2', '5', '4', '4', '4', '1', '3', '', 425, '2022-06-22 16:11:22'),
('IE 445', '3', '1', '4', '4', '1', '1', '3', '1', '3', '1', '1', '4', '1', '1', '3', '4', '2', '3', '1', '', 426, '2022-06-23 14:11:17'),
('IE 445', '1', '1', '1', '1', '1', '1', '1', '1', '1', '1', '1', '1', '1', '1', '1', '1', '1', '1', '1', '', 427, '2022-06-28 16:00:50');

-- --------------------------------------------------------

--
-- Table structure for table `exam_invigilation`
--

CREATE TABLE `exam_invigilation` (
  `id` int(11) NOT NULL,
  `day` date NOT NULL,
  `from_time` varchar(5) NOT NULL,
  `to_time` varchar(6) NOT NULL,
  `course_name` varchar(100) NOT NULL,
  `venue` varchar(20) NOT NULL,
  `invigilators` text NOT NULL
) ENGINE=InnoDB DEFAULT CHARSET=utf8mb4;

--
-- Dumping data for table `exam_invigilation`
--


INSERT INTO `exam_invigilation` (`id`, `day`, `from_time`, `to_time`, `course_name`, `venue`, `invigilators`) VALUES
(3, '2022-07-13', '08:30', '10:30', 'COMPUTER ORGANISATION I', 'YOMBO 4', 'Dr. Juma H.Lungo'),
(4, '2022-06-13', '11:30', '12:30', 'PROGRAMMING IN C', 'D 01', 'Dr. Ruth Kateule'),
(5, '2022-07-18', '02:30', '04:30', 'BUSINESS COMPUTER COMMUNICATIONS', 'B 310', 'Dr. Aron W. Kondoro'),
(6, '2022-06-17', '04:30', '06:30', 'PROGRAMMING IN JAVA', 'B 310', 'Dr. Hellen Maziku'),
(7, '2022-07-08', '04:30', '06:30', 'STRATEGIC MANAGEMENT', 'C1/C2', 'Dr. Honest C. Kimaro'),
(9, '2022-06-25', '08:30', '10:30', 'PROGRAMMING IN C', 'D 01', 'Dr. Aron W. Kondoro');

--
-- Indexes for dumped tables
--

--
-- Indexes for table `exam_invigilation`
--
ALTER TABLE `exam_invigilation`
  ADD PRIMARY KEY (`id`);

--
-- AUTO_INCREMENT for dumped tables
--

--
-- AUTO_INCREMENT for table `exam_invigilation`
--
ALTER TABLE `exam_invigilation`
  MODIFY `id` int(11) NOT NULL AUTO_INCREMENT, AUTO_INCREMENT=10;
COMMIT;
-- --------------------------------------------------------

--
-- Table structure for table `programme`
--

CREATE TABLE `programme` (
  `id` int(11) NOT NULL,
  `student_programme` varchar(100) DEFAULT NULL
) ENGINE=InnoDB DEFAULT CHARSET=utf8mb4;

--
-- Dumping data for table `programme`
--

INSERT INTO `programme` (`id`, `student_programme`) VALUES
(1, 'BSC IN CS'),
(2, 'BSC IN CEIT'),
(3, 'BSC IN BIT');

-- --------------------------------------------------------

--
-- Table structure for table `programme_course`
--

CREATE TABLE `programme_course` (
  `id` int(11) NOT NULL,
  `id_programme` int(11) NOT NULL,
  `course_code` varchar(200) NOT NULL
) ENGINE=InnoDB DEFAULT CHARSET=utf8mb4;

--
-- Dumping data for table `programme_course`
--

INSERT INTO `programme_course` (`id`, `id_programme`, `course_code`) VALUES
(1, 3, 'MK 301'),
(2, 1, 'CL 111'),
(3, 2, 'CS 151'),
(4, 1, 'CS 174'),
(5, 2, 'CS 174'),
(6, 3, 'CS 234'),
(7, 1, 'CS 243'),
(8, 2, 'CS 252'),
(9, 3, 'CS 323'),
(10, 1, 'CS 334'),
(11, 2, 'CS 335'),
(12, 3, 'CS 348'),
(13, 1, 'CS 354'),
(14, 2, 'CS 356'),
(15, 3, 'DS 112'),
(16, 1, 'DS 113'),
(17, 2, 'GM 300'),
(18, 3, 'IS 143'),
(19, 1, 'IS 158'),
(20, 2, 'IS 162'),
(21, 3, 'IS 171'),
(22, 1, 'IS 181'),
(23, 2, 'IS 236'),
(24, 3, 'IE 445'),
(48, 1, 'MK 301'),
(49, 2, 'CL 111'),
(50, 3, 'CS 151'),
(51, 3, 'CS 174'),
(52, 1, 'CS 174'),
(53, 2, 'CS 234'),
(54, 3, 'CS 243'),
(55, 1, 'CS 252'),
(56, 2, 'CS 323'),
(57, 3, 'CS 334'),
(58, 1, 'CS 335'),
(59, 2, 'CS 348'),
(60, 3, 'CS 354'),
(61, 1, 'CS 356'),
(62, 2, 'DS 112'),
(63, 3, 'DS 113'),
(64, 1, 'GM 300'),
(65, 2, 'IS 143'),
(66, 3, 'IS 158'),
(67, 1, 'IS 162'),
(68, 2, 'IS 171'),
(69, 3, 'IS 181'),
(70, 1, 'IS 236');

-- --------------------------------------------------------

--
-- Table structure for table `role`
--

CREATE TABLE `role` (
  `id` int(10) UNSIGNED NOT NULL,
  `role` varchar(200) NOT NULL
) ENGINE=InnoDB DEFAULT CHARSET=utf8mb4;

--
-- Dumping data for table `role`
--

INSERT INTO `role` (`id`, `role`) VALUES
(1, 'student'),
(2, 'senior'),
(3, 'staff'),
(4, 'admin');

-- --------------------------------------------------------

--
-- Table structure for table `student`
--

CREATE TABLE `student` (
  `id` int(11) NOT NULL,
  `regno` varchar(100) NOT NULL,
  `Name` varchar(100) NOT NULL,
  `sex` varchar(10) NOT NULL,
  `programme` varchar(100) NOT NULL,
  `year` varchar(20) NOT NULL,
  `email` varchar(100) NOT NULL,
  `contact` varchar(100) NOT NULL,
  `gpa` varchar(10) NOT NULL,
  `status` varchar(20) NOT NULL
) ENGINE=InnoDB DEFAULT CHARSET=utf8mb4;

--
-- Dumping data for table `student`
--

INSERT INTO `student` (`id`, `regno`, `Name`, `sex`, `programme`, `year`, `email`, `contact`, `gpa`, `status`) VALUES
(1, '2019-04-01344', 'Nielsen W Chiutila', 'male', 'BSC IN CS', '2022', 'nielsenchiutila@gmail.com', '0625345676', '4', 'graduated'),
(2, '2019-04-02367', 'Osila J osila', 'male', 'BSC IN BIT', '2022', 'josephosila@gmail.com', '0686789845', '3.5', 'graduated'),
(3, '2019-04-98876', 'Christina P Mahenge', 'female', 'BSC IN BIT', '2022', 'cmahenge@gmail.com', '0712345643', '3.6', 'graduated'),
(4, '2019-04-08524', 'Said Z Muhenga, ', 'male', 'BSC IN CEIT', '2022', 'saidmuhenga@gmail.com', '0625345676', '4', 'graduated'),
(5, '2019-04-01344', 'Richard E Mayenga', 'male', 'BSC IN CEIT', '2022', 'richardmayenga@gmail.com', '0687567645', '2.6', 'graduated'),
(6, '2018-04-10886', 'Emmanuel E Juma', 'male', 'BSC IN CEIT', '2022', 'emmanueljuma@gmail.com', '0623456543', '3', 'not graduated'),
(7, '2019-04-01182', 'Jimmy B Charukula', 'male', 'BSC IN CS', '2022', 'charukulajimmya@gmail.com', '0625345676', '4', 'graduated'),
(8, '2019-04-09742', 'Neema R Ngaharo, ', 'female', 'BSC IN CS', '2022', 'ngaraharoneema@gmail.com', '0625345676', '4', 'graduated'),
(9, '2019-04-07548', 'Anneth N Mlowe', 'female', 'BSC IN CS', '2022', 'mloweanneth@gmail.com', '0625345676', '4', 'graduated'),
(10, '2018-04-01671', 'Emaculate S Lemunke, ', 'female', 'BSC IN CEIT', '2022', 'emaculetelemunike@gmail.com', '0625345676', '3', 'graduated'),
(11, '2018-04-01698', 'Zuwena H Salum, ', 'female', 'BSC IN CS', '2022', 'salumuzuwena@gmail.com', '0625345676', '4', 'graduated'),
(12, '2019-04-01344', 'Millenium A Malamla', 'female', 'BSC IN BIT', '2022', 'malamlamillenium@gmail.com', '0625345676', '4', 'graduated'),
(13, '2019-04-09370', 'Amos A Mwilawa', 'male', 'BSC IN CEIT', '2022', 'mwilawaamos8@gmail.com', '0625345676', '4', 'graduated'),
(14, '2019-04-09619', 'Vivian E Ndilanha', 'female', 'BSC IN BIT', '2022', 'vivianndilanha@gmail.com', '0625345676', '4', 'graduated'),
(15, '2019-04-07338', 'Sophia P Mkenda', 'female', 'BSC IN CS', '2022', 'sophiamkenda@gmail.com', '0625345676', '4', 'graduated'),
(16, '2019-04-01895', 'Aliseni F Felix', 'male', 'BSC IN CS', '2022', 'felixaliseni@gmail.com', '0625345676', '4', 'graduated'),
(17, '2019-04-08137', 'Subira B Msangi', 'female', 'BSC IN BIT', '2022', 'subiramsangi@gmail.com', '0625345676', '4', 'graduated'),
(18, '2018-04-07406', 'Latifa M Kapiligi', 'female', 'BSC IN CS', '2022', 'latifakapiligi@gmail.com', '0625345676', '4', 'graduated'),
(19, '2018-04-07828', 'Ali A Saleh', 'male', 'BSC IN CEIT', '2022', 'alisalehe@gmail.com', '0625345676', '4', 'graduated'),
(20, '2019-04-08669', 'Wilfred A Mushi', 'male', 'BSC IN BIT', '2022', 'mushiwilfred@gmail.com', '0625345676', '4', 'graduated'),
(21, '2019-04-04003', 'Zulfa O Kibwana', 'female', 'BSC IN CS', '2022', 'zulfakibwana@gmail.com', '0625345676', '4', 'graduated'),
(22, '2019-04-03484', 'zizima y kambaye', 'male', 'BSC IN BIT', '2022', 'zizimayotham669@gmail.com', '0785248794', '3.5', 'graduated'),
(23, '2019-04-01675', 'mlaki j mlaki', 'male', 'BSC IN CS', '2022', 'mlakijaphet@gmail.com', '0712345643', '3.6', 'graduated'),
(24, '2019-04-09335', 'Angela J Mwemezi, ', 'female', 'BSC IN CS', '2022', 'angelamwemezi@gmail.com', '0625345676', '4.3', 'graduate'),
(25, '2019-04-01344', 'Christina Mahenge', 'female', 'BSC IN BIT', '2022', 'mahengechristina@gmail.com', '0687567645', '4', 'graduated');

-- --------------------------------------------------------

--
-- Table structure for table `teachingmonitoring_questions`
--

CREATE TABLE `teachingmonitoring_questions` (
  `id` int(11) NOT NULL,
  `semester` varchar(11) DEFAULT NULL,
  `week` int(3) DEFAULT NULL,
  `course_code` varchar(200) DEFAULT NULL,
  `starting_time` time NOT NULL,
  `ending_time` time NOT NULL,
  `venue` varchar(150) NOT NULL,
  `Number_of_students` int(10) NOT NULL,
  `attendance` varchar(200) NOT NULL,
  `reason_for_absence` varchar(200) DEFAULT NULL,
  `student_informed` varchar(200) DEFAULT 'pending',
  `session_starting_time` varchar(200) NOT NULL,
  `reason_for_startinglate` varchar(200) DEFAULT NULL,
  `session_type` varchar(200) NOT NULL,
  `teaching_mode` varchar(200) NOT NULL,
  `teaching_method` varchar(200) NOT NULL,
  `medium_of_instruction` varchar(200) NOT NULL,
  `a` varchar(200) NOT NULL,
  `b` varchar(200) NOT NULL,
  `c` varchar(200) NOT NULL,
  `d` varchar(200) NOT NULL,
  `e` varchar(200) NOT NULL,
  `f` varchar(200) NOT NULL,
  `g` varchar(200) NOT NULL,
  `h` varchar(200) NOT NULL,
  `i` varchar(200) NOT NULL,
  `j` varchar(200) NOT NULL,
  `special_matters` varchar(200) NOT NULL,
  `specialmatters_explanation` text DEFAULT NULL,
  `date` datetime NOT NULL DEFAULT current_timestamp()
) ENGINE=InnoDB DEFAULT CHARSET=utf8mb4;

--
-- Dumping data for table `teachingmonitoring_questions`
--

INSERT INTO `teachingmonitoring_questions` (`id`, `semester`, `week`, `course_code`, `starting_time`, `ending_time`, `venue`, `Number_of_students`, `attendance`, `reason_for_absence`, `student_informed`, `session_starting_time`, `reason_for_startinglate`, `session_type`, `teaching_mode`, `teaching_method`, `medium_of_instruction`, `a`, `b`, `c`, `d`, `e`, `f`, `g`, `h`, `i`, `j`, `special_matters`, `specialmatters_explanation`, `date`) VALUES
(0, '1', 4, 'CS 335', '20:23:00', '20:23:00', 'B310', 78, 'absent', 'Instructor has attended a meeting', 'No', '', '', '', '', '', '', '', '', '', '', '', '', '', '', '', '', '', '', '2022-06-15 20:44:11'),
(0, '1', 1, 'CS 173', '21:08:00', '21:08:00', 'C1/C2', 90, 'present', '', '', 'started_on_time', '', 'Practical', 'Teacher centred', 'Student Presentation and practical', 'Course in English and English is used through out', 'Good', 'Poor', 'Poor', 'Poor', 'Very poor', 'Very poor', 'Very poor', 'Not Applicable', 'Not Applcable', 'Not Applicable', 'no', '', '2022-06-15 21:09:03'),
(0, '2', 3, 'CS 348', '21:45:00', '21:45:00', 'B302', 8, 'present', '', '', 'Started late between 15-30 minutes', 'Change of Venue due to collision', 'Seminar', 'Student centred', 'Student Presentation and practical', 'Course in English but code-switching to Kiswahili', 'Good', 'Good', 'Good', 'Good', 'Good', 'Poor', 'Poor', 'Poor', 'Poor', 'Poor', 'yes', 'electricity cut off', '2022-06-15 21:46:55'),
(0, '1', 6, 'IE 445', '21:47:00', '21:47:00', 'D01', 78, 'absent', 'Sickness', 'Yes', '', '', '', '', '', '', '', '', '', '', '', '', '', '', '', '', '', '', '2022-06-15 21:48:08'),
(0, '1', 6, 'CL 111', '21:48:00', '21:48:00', 'YOMBO5', 24, 'present', '', '', 'started_on_time', '', 'Seminar', 'Student centred', 'Other', 'Course in English but code-switching to Kiswahili', 'Not Applicable', 'Not Applicable', 'Very poor', 'Very poor', 'Poor', 'Good', 'Good', 'Very good', 'Excellent', 'Excellent', 'no', '', '2022-06-15 21:51:35'),
(0, '2', 4, 'CS 348', '21:54:00', '21:54:00', 'C1/C2', 12, 'absent', 'Not informed', 'Yes', '', '', '', '', '', '', '', '', '', '', '', '', '', '', '', '', '', '', '2022-06-15 21:56:08'),
(0, '1', 2, 'CL 111', '22:05:00', '22:06:00', 'YOMBO4', 23, 'absent', 'Instructor is assigned a special task', 'No', '', '', '', '', '', '', '', '', '', '', '', '', '', '', '', '', '', '', '2022-06-15 22:06:24'),
(0, '2', 1, 'CS 174', '22:07:00', '22:07:00', 'B305', 0, 'present', '', '', 'Started late for more than 30 minutes', 'Other reasons', 'Seminar', 'Student centred', 'Conventional overhead projector', 'Course in English but code-switching to Kiswahili', 'Good', 'Good', 'Poor', 'Very poor', 'Very good', 'Good', 'Not Applicable', 'Not Applicable', 'Good', 'Very poor', 'no', '', '2022-06-15 22:09:00'),
(0, '1', 1, 'IS 385', '04:45:00', '04:45:00', 'B305', 56, 'present', '', '', 'Started late between 15-30 minutes', 'Sitting arrangement', 'Practical', 'Teacher centred', 'Talk and Chalk', 'Course in English but code-switching to Kiswahili', 'Excellent', 'Very good', 'Good', 'Good', 'Not Applicable', 'Not applicable', 'Very poor', 'Very poor', 'Excellent', 'Very good', 'no', '', '2022-06-21 04:47:57'),
(0, '1', 3, 'CS 151', '05:07:00', '05:07:00', 'DO1', 25, 'absent', 'Instructor has attended a meeting', 'No', '', '', '', '', '', '', '', '', '', '', '', '', '', '', '', '', '', '', '2022-06-21 05:07:34'),
(0, '1', 3, 'CS 151', '05:07:00', '05:07:00', 'DO1', 25, 'absent', 'Instructor has attended a meeting', 'Yes', '', '', '', '', '', '', '', '', '', '', '', '', '', '', '', '', '', '', '2022-06-21 05:10:32'),
(0, '1', 4, 'IS 336', '05:14:00', '05:14:00', 'B302', 7, 'absent', 'Out of university campus, travelled', 'Yes', '', '', '', '', '', '', '', '', '', '', '', '', '', '', '', '', '', '', '2022-06-21 05:14:37'),
(0, '1', 1, 'IS 335', '14:13:00', '14:13:00', 'DO1', 34, 'absent', 'Out of university campus, travelled', 'Yes', '', '', '', '', '', '', '', '', '', '', '', '', '', '', '', '', '', '', '2022-06-21 14:14:10'),
(0, '2', 14, 'IS 336', '14:15:00', '14:15:00', 'B305', 4, 'present', '', '', 'started_on_time', '', 'Practical', 'Student centred', 'Talk and Chalk', 'Course in English but code-switching to Kiswahili', 'Very good', 'Good', 'Poor', 'Very poor', 'Very poor', 'Very poor', 'Very poor', 'Very poor', 'Very poor', 'Very poor', 'no', '', '2022-06-21 14:16:49');

-- --------------------------------------------------------

--
-- Table structure for table `users`
--

CREATE TABLE `users` (
  `id` int(5) NOT NULL,
  `name` varchar(250) NOT NULL,
  `email` varchar(250) DEFAULT NULL,
  `reg_no` varchar(250) DEFAULT NULL,
  `password` varchar(250) NOT NULL,
  `role` int(10) UNSIGNED DEFAULT NULL,
  `student_programme` varchar(100) DEFAULT NULL,
  `study_year` int(3) DEFAULT NULL
) ENGINE=InnoDB DEFAULT CHARSET=utf8mb4;

--
-- Dumping data for table `users`
--

INSERT INTO `users` (`id`, `name`, `email`, `reg_no`, `password`, `role`, `student_programme`, `study_year`) VALUES
(8, 'Chiutila, Nielsen W', NULL, '2019-04-01344', '$2y$10$eUszsnOFU.6foAn1LrljfuxBDx3l/q.1KXKSgbQJ.4CA1KNUniIxC', 1, 'BSC IN CS', 3),
(9, 'Mganga, Jackson Francis', NULL, '2019-04-06964', '$2y$10$p7dghk7WwFTQ66dukuCquuCbzgtzuWgMKDZK1qnzgamFFJOtuvPQW', 1, 'BSC IN CEIT', 3),
(10, 'Rajabu, Juma S.', NULL, '2019-04-10833', '$2y$10$wcY3LZ/Czv8zqn3MP6vVgObKnvmW5ioxy1NpVPPR9N9DwjFdowCL.', 1, 'BSC IN CEIT', 3),
(11, 'Mallya, Habil Raphael', NULL, '2019-04-05826', '$2y$10$GwPbi4Ta8eN.YDFXGQ2gIOVjnfeVK/MPX1rdJzkFOrQdpmoRAC7Pq', 1, 'BSC IN CEIT', 3),
(12, 'Senkoro, Daniel A.', NULL, '2019-04-11702', '$2y$10$2RLFHGl8H8cqY9kFcIbmfOJnn3xydhhuByiyN16i1M1PMNL3RhlSi', 1, 'BSC IN CEIT', 3),
(13, 'Kapungu, Noel K', NULL, '2019-04-03618', '$2y$10$2o/v5Z3taPiTRiDrOhnOluE4jQQbaQtGgckl8QIPwXM1AltKQO8LS', 1, 'BSC IN CEIT', 3),
(14, 'Kibonajoro, Ackram S.', NULL, '2017-04-07278', '$2y$10$Gl60FhXmDXIFeX8KD3MeSOnA6v.2efJQ3X2tlCel5Ca9JP3hW/HLK', 1, 'BSC IN CEIT', 3),
(15, 'Mrema, Elvis G.', NULL, '2018-04-01670', '$2y$10$4HnhZLHJbHgzafwH8MpbFu5/FSMGkYw0NyX5Ql08l80V.YWAuZCJe', 1, 'BSC IN CEIT', 3),
(16, 'Thomas, Mathias', NULL, '2019-04-12587', '$2y$10$9ITFhCQe/6NUx8egvFJzXeC6WnsNoDu4iwmZG5UGcRnuQ7dxTl6Ma', 1, 'BSC IN CEIT', 3),
(17, 'Muhenga, Said Zuberi', NULL, '2019-04-08524', '$2y$10$SFPzi5IgEVlQOtWyyXc0qu43bPT7QgQqiaUk1LsA81yWrlqXfjxPe', 1, 'BSC IN CEIT', 3),
(18, 'Mussa, Yussuf Hamad', NULL, '2018-04-07846', '$2y$10$7EbU.UbmyQYTtPuMc1tpuuAl95DOQ2pTiKGWnqM.lvOKhrnrVk98y', 1, 'BSC IN CEIT', 3),
(19, 'Rweyemamu, Herdt', NULL, '2018-04-07268', '$2y$10$eEM.ejsA3Cm8QQBbayh.muw7Hn/86XtWxngDhO6guXU.sTx6jmiWa', 1, 'BSC IN CEIT', 3),
(20, 'Kweka, Deborah C.', NULL, '2019-04-04703', '$2y$10$2yC2PAlX62Gpg6xkgDmwWuU8qLiamKged3MqMMbeFw5snQGBSwYR.', 1, 'BSC IN CEIT', 3),
(21, 'Edward, Leonard M.', NULL, '2019-04-01677', '$2y$10$avakKlkn0z/rruSEAWZjbe1u/5yzhrNXgwLqfvK/afDYYelzA1iCa', 1, 'BSC IN CEIT', 3),
(22, 'Mbuge, Richard Charles', NULL, '2019-04-06696', '$2y$10$/3jzp7oswCSwcYRM3iBkWOoQcGVpAxLgUHNzF6arP62lHf9krL7cS', 1, 'BSC IN CEIT', 3),
(23, 'Mwalukisa, Walter P.', NULL, '2019-04-08989', '$2y$10$ccZtZC6znl.oV9xFVJ951e8jGtFwdxXTvMjCbS6KAksNyNegt9vTi', 1, 'BSC IN CEIT', 3),
(24, 'Ngaharo, Neema Rashid', NULL, '2019-04-09742', '$2y$10$F9UNLk8QYkl/RlCd9kWhQ.dZf8iOVzONJ6N2ygp1q/AQ6PKpVhIFy', 1, 'BSC IN CEIT', 3),
(25, 'Charukula, Jimmy Benjamin', NULL, '2019-04-01182', '$2y$10$9V2TulMwkOhwzL//RUNdM.UXsGtEEVgVKbeorXRkGQvh81qXf1QZ2', 1, 'BSC IN CEIT', 3),
(26, 'Mayenga, Richard E', NULL, '2019-04-06515', '$2y$10$soSBUdxQTF6EQdw.GjtcsuoDvXCjAZfX2wqj27JMyNBTdVQgiJDrO', 1, 'BSC IN BIT', 3),
(27, 'Mosha, Godbless Huruma', NULL, '2019-04-07868', '$2y$10$XeEBCaIS1O.arZ0oUmgDBOXcZOuM96KKDNPiivoLflCxzuYFoPwr2', 1, 'BSC IN BIT', 3),
(28, 'Juma, Emmanuel E.', NULL, '2018-04-10886', '$2y$10$gOgrwybJBCFEAyzZD1a9vOVYuS744teiiiyMpoNZXG83pJG5nAq1.', 1, 'BSC IN BIT', 3),
(29, 'Lemunke, Emaculate Sein', NULL, '2018-04-01671', '$2y$10$vlZMXMF6gBHvg.q.ochBAubUSyT5TlpYRuMLodZ.4baIopyy83kia', 1, 'BSC IN BIT', 3),
(30, 'Saleh, Ttuwr Abood', NULL, '2019-04-11318', '$2y$10$ZiL1ClDtfa1i7KHokYMvLeA2BHnqS1JjU4ce9r7zHlSBkIS.1Cooq', 1, 'BSC IN BIT', 3),
(31, 'Masali, Emanuel', NULL, '2018-04-07138', '$2y$10$shhIlcuABfPHzKuwnB05yOiD/CMwmQjSoj19xzxMD7hZ3EDNsYUUi', 1, 'BSC IN BIT', 3),
(32, 'Mlowe, Anneth N.', NULL, '2019-04-07548', '$2y$10$gNc8Jm8eEDYvnwzSToJf7uuNo5ZJ7yuFxB4lrz2.HHyZSW6OufOge', 1, 'BSC IN BIT', 3),
(33, 'Salum, Zuwena Hamoud', NULL, '2018-04-01698', '$2y$10$d9HFhYm8OM2wdkEmAgHeKeUKbiW3rjD1DEVQShrEwtc84Rhq//GGu', 1, 'BSC IN BIT', 3),
(34, 'Mwilawa, Amos A.', NULL, '2019-04-09370', '$2y$10$LmYXEA53VHsUTYLrtiSOUO9DEYjVIBvWbqwFvOxW5kw68VFuzvYl.', 1, 'BSC IN BIT', 3),
(35, 'Malamla, Millenium Anthony', NULL, '2019-04-05753', '$2y$10$HZZ21N45WvIpO2/A36Cmcu5nV0OCyNuf8sGoBvDV8xo5AWm1df4Aa', 1, 'BSC IN BIT', 3),
(36, 'Gwesa, Fumbuka Njile', NULL, '2019-04-02215', '$2y$10$RU3BZLowhkUIu0To6iJ.9.xyrgiAXe7WjApqsgWPQ/SmYksnQ1TXq', 1, 'BSC IN BIT', 3),
(37, 'Ndilanha, Vivian E', NULL, '2019-04-09619', '$2y$10$.LmtmIoJC45zDt0FRpaKze7luITWWe7rxOL0Mj./axJerv9yJZFQ.', 1, 'BSC IN BIT', 3),
(39, 'Mlaki, Japhet January', NULL, '2019-04-07467', '$2y$10$ehs0pmnsSUdO7aA9Fyjt6.jl4qRCnEjYU9KnMTVF8V502qISMEc7q', 1, 'BSC IN BIT', 3),
(40, 'Mahinya, Jackson Iman', NULL, '2019-04-05566', '$2y$10$PUIonABWLgJyAzxqq2xtduuRra96996NXmT4dCiwgB2yNYYpo2odO', 1, 'BSC IN BIT', 3),
(41, 'Mkenda, Sophia P.', NULL, '2019-04-07338', '$2y$10$uoH64izFtM07WPXPOJzPqOOakR8SEJY/sT8J60xspS3bFysIxV3Sq', 1, 'BSC IN BIT', 3),
(42, 'Msangi, Subira Batuli', NULL, '2019-04-08137', '$2y$10$fK7hY.KxUI8x4tx0p./mCeXxdpbawEa6CFhE1/7kngJmv55OR8NRC', 1, 'BSC IN BIT', 3),
(43, 'Felix, Aliseni F', NULL, '2019-04-01895', '$2y$10$HXcnlOTi2wFClRr4iAYo5.rTq6G3M1eJrtRh7sp5uF4AFJ8bVZ2p2', 1, 'BSC IN BIT', 3),
(44, 'Sempombe, Nicholaus Charles', NULL, '2019-04-11676', '$2y$10$WS7qo96KHXyM0NFBhxFc6.bjE6HxxxWzcC/1A7BBFWz/PrED7VzB2', 1, 'BSC IN BIT', 3),
(45, 'Malima, George Robert', NULL, '2019-04-05793', '$2y$10$Iho0frd0TOT0Qqy0CzqRruP8PmRcK0DFpJhRjfV0bCKEpsPyx458y', 1, 'BSC IN BIT', 3),
(46, 'Mushi, Wilfred A.', NULL, '2019-04-08669', '$2y$10$3yhwtdpCobyN7DPyqvWE5OYIFrpo1.I9w/OzX.Xd.W1AnRH4Qa7ei', 1, 'BSC IN BIT', 3),
(47, 'Rashidi, Jumanne Aziz', NULL, '2019-04-10935', '$2y$10$PEy5dL2pAgnpsH51tbyhiehzyB8K3tWwc3QHeaNp5Zy.FuURzhRha', 1, 'BSC IN BIT', 3),
(48, 'Njau, Albert V.', NULL, '2019-04-09971', '$2y$10$qf4cJTxHx.7x2pybSTz.Bu05NaVIG/uLvh0zcoXiN1YqdopOiFCCm', 1, 'BSC IN BIT', 3),
(49, 'Masika, Benard J.', NULL, '2018-04-01664', '$2y$10$5Nu/Hs8bZfBLpPYhhe.YTOApkHOOkKHht666JnPqpa1/AsWak10bu', 1, 'BSC IN BIT', 3),
(50, 'Bukuku, Richard J.', NULL, '2018-04-01693', '$2y$10$WuwV8cx7q61MFPPlisc02uMAQ38jZEyc/tel6nFBWcnTcA3oFlYkm', 1, 'BSC IN BIT', 3),
(51, 'Kapiligi, Latifa M.', NULL, '2018-04-07406', '$2y$10$JPSIgHWCbZdoNxMA2nb.VOhnwMYtdhxBt016rZVZAwhvRVPUErxkO', 1, 'BSC IN BIT', 3),
(52, 'Kilonzo, Hussein S.', NULL, '2019-04-04179', '$2y$10$ZDwg5h0YueK4Gp.6tzKZmui1LtzyJkfX.jmmnV5Z6GluQzVMFvRFy', 1, 'BSC IN BIT', 3),
(53, 'Kimambo, Boaz Godson', NULL, '2018-04-01665', '$2y$10$ftaWyr2.ZyqBKwnhb40S4egALuJZmdfms1lZfxD3rdvSrZUrSTyva', 1, 'BSC IN BIT', 3),
(54, 'Kisanga, Laurence Paul', NULL, '2019-04-04362', '$2y$10$mzEO9g.to1Jacf/pzv2HNep0kiEQY1Jg4oW7H/DsiDtzDbWPF7a5i', 1, 'BSC IN BIT', 3),
(55, 'John, John Boniphace', NULL, '2018-04-01685', '$2y$10$eK2Urb5vQd/7yrFn66MUPuos9DFAuCkKGoRvZYHdA7E3r5O1ApJha', 1, 'BSC IN BIT', 3),
(56, 'Ngao, Prince Walter', NULL, '2018-04-01692', '$2y$10$GQdJ8JoV4PN8AuUVwCbnI.huN5JYRNPnMKKAOf5AzIolWdgn/koOC', 1, 'BSC IN BIT', 3),
(57, 'Swai, Reagan Exaudi', NULL, '2019-04-12356', '$2y$10$LRYVwPckG9lQ9pC4YdYPqOMvIkXb.sMriq3VE1ijnuB6UjG4yI35.', 1, 'BSC IN BIT', 3),
(58, 'Saleh, Ali A.', NULL, '2018-04-07828', '$2y$10$GYlPJ/VX86U6pIDjzK3p7OmBo.ss5PQmCofmf405lqVARHb13bYVW', 1, 'BSC IN BIT', 3),
(59, 'Kibwana, Zulfa Othman', NULL, '2019-04-04003', '$2y$10$IAkohJN6JLWfJiMgaPjNTOam7ln5.MZ3gr.9LWUcbICes5tbZHeE2', 1, 'BSC IN BIT', 3),
(60, 'Lwanda, Erick Peter', NULL, '2019-04-05189', '$2y$10$y0ZRWo1n0ZwppsB3QuV.5O39JsGxj3cYY/ijeCyuv7zW8ZdM8EEjC', 1, 'BSC IN BIT', 3),
(61, 'Mwalyolo, Tukupala M.', NULL, '2018-04-01694', '$2y$10$spdxmEnh.n79CmUYd8V/ie5FPWAANzL2sNLEx3N/ayl/bL.bASBbG', 1, 'BSC IN BIT', 3),
(62, 'Bawazi, Arshad O.', NULL, '2019-04-00767', '$2y$10$6jzfAl4EduIpbZ1hsobRDuuW7IOaT7quGzCdUyhqW5TMy6vnM5k/6', 1, 'BSC IN BIT', 3),
(63, 'Mjule, Winstone M.', NULL, '2019-04-07303', '$2y$10$cM1GvY7et2OZcLToQa01GuqjbbhLG/RtHpMMoBMkSksnlbBbpF8Um', 1, 'BSC IN BIT', 3),
(64, 'Simfukwe, Aaron Gervas', NULL, '2018-04-06786', '$2y$10$JL4CK5d8hXqwbCpbVQ3vO.rjN8MVuLdvWn/wzoVDXFjp7daEep1TK', 1, 'BSC IN BIT', 3),
(65, 'Assey, Anna-maria Geofrey', NULL, '2019-04-00516', '$2y$10$ZVwiXf.yuE2xIMDI8VxLcumUXoxJFaKhdCmAafSwDGB/NN6WJM4mS', 1, 'BSC IN BIT', 3),
(66, 'Mtui, Alex G.', NULL, '2018-04-01660', '$2y$10$6yFPAk.BhzXAb1SaUPcj1Oxqy4/TBddgagRNiNGEeApvQAZyr9hEO', 1, 'BSC IN BIT', 3),
(67, 'Oshipai, Saning\'o M.', NULL, '2019-04-11554', '$2y$10$zQ02Kb3fWvxXNIVlEWHiyeG9qC08R38BSBXRqZA0g.YsmXX96GrVG', 1, 'BSC IN BIT', 3),
(68, 'Kasaila, Yohana S.', NULL, '2019-04-03649', '$2y$10$hhTmRRRCKvzNYmlF5N3Kx.1Kmq9ED9C.mhfl0BndrHyNeu/yNVAo6', 1, 'BSC IN BIT', 3),
(69, 'Scolastica, John S.', NULL, '2019-04-11464', '$2y$10$r9fWYsdOie4KAVhtoz.yI.DvxxWLm9rME80Ia0sMRONnUDEm130By', 1, 'BSC IN BIT', 3),
(70, 'Ndyanabo, Pauletha Simon', NULL, '2019-04-09692', '$2y$10$RFnlvuOTe1o3QgMIXRBa0.E3DKB.kr32Um0WcuILb7SP0xeQMBcMy', 1, 'BSC IN BIT', 3),
(71, 'Masandeko, Kelvin M.', NULL, '2018-04-01688', '$2y$10$0fxikXVoSZQ03AX8owdHIOUyRgcRHXxgIQpirxdIU2qL6SvEL1GJ6', 1, 'BSC IN BIT', 3),
(72, 'Ilomo, Kaiza F', NULL, '2019-04-02632', '$2y$10$SSvU/FfPjfOwUJSZxx59XuKlfv4PS9nVEV/o0XHQWO6CJ.bH0FH2e', 1, 'BSC IN BIT', 3),
(73, 'Mlangwa, Ronald D.', NULL, '2019-04-07476', '$2y$10$r.RxC9TK3.yMgjXu6g9fjOf/PQHWtSbuvcPqdUGrulvDD/Dfazv/q', 1, 'BSC IN BIT', 3),
(74, 'Karoza, Alpha Obed', NULL, '2019-04-10379', '$2y$10$Li/T3yzind6WWlhRN3EfkeMtLWTZP4PtE9IxiDcGyaM53zkYpW5we', 1, 'BSC IN BIT', 3),
(75, 'Senya, Collin E.', NULL, '2019-04-11704', '$2y$10$cFRTMHda4PZbxz5fNCLSVOsQvYZduuyj.OUN6aHY83koewOq2zsAy', 1, 'BSC IN BIT', 3),
(76, 'Shedrack, Glastborn G.', NULL, '2019-04-11839', '$2y$10$NfXhPZ3gKhujO6FEl/WnN.AbpHU1d8iFn.woMBDMRzAM3XBkn13b6', 1, 'BSC IN CS', 3),
(77, 'Shemdoe, Erick I.', NULL, '2018-04-02411', '$2y$10$hFlobgGEKXdfeXk9fxqu8OGs.VgSouaritG1ZZ/ljpFIYrh2DeJAe', 1, 'BSC IN CS', 3),
(78, 'Kheri, Ibrahim Ramadhan', NULL, '2019-04-03950', '$2y$10$2.4g6sjVST.rO6efH7.qKOq9zi9LjA3YbK.1cV.rDiWsFeG5OqkWa', 1, 'BSC IN CS', 3),
(79, 'Lyaganda, Masanja', NULL, '2019-04-05208', '$2y$10$QVB9zhsqyyA029c0WFN.1u1BL9wJNiWll9EgAmQp56RRDtBlSXgVu', 1, 'BSC IN CS', 3),
(80, 'Minja, Arthur Benjamin', NULL, '2019-04-07251', '$2y$10$ZQMOWawiLOjzd5z.hGM4SOE/dIwxX.c1VxoXBnuqJESsIohUEftFe', 1, 'BSC IN CS', 3),
(81, 'Kajubu, Azim Khalid', NULL, '2018-04-01663', '$2y$10$xWFhn6iS6F4iifxq9TCb5.c.r3nAkO9WoWMidoDa1RubcFC7f50JG', 1, 'BSC IN CS', 3),
(82, 'Woiso, Gabriela R.', NULL, '2019-04-13149', '$2y$10$dQ6udgrdIWRbMnGEM57wDut2zeM3RDVrilHDXXdJJykeKL6/FS/Mi', 1, 'BSC IN CS', 3),
(83, 'Moses, Richard Estomih', NULL, '2018-04-02438', '$2y$10$s6LZ9btKAVpWELlns9Qk/eiDYzuiAxQPlNWd/NnXwVqf0UClM0ypS', 1, 'BSC IN CS', 3),
(84, 'Rwehumbiza, Aron', NULL, '2018-04-01662', '$2y$10$k3QMwEIPvns7ePZXGnYg4uQBEcTQuTEUbhC.yjeYKm/elZYl0BQCm', 1, 'BSC IN CS', 3),
(85, 'Masami, Rodney Paul', NULL, '2019-04-06109', '$2y$10$sW0/Nvz1t1fIIOk4DxB.Z.OwF1xuOkMc89psuxXkcqPocL2OIXgGa', 1, 'BSC IN CS', 3),
(86, 'Michese, Deogratius Henry', NULL, '2019-04-07167', '$2y$10$y7WWUXZ1AJFI1AQD9Z5DOeM.qtGzOcIzxygFGZ/HgWNeqrhj/TQjq', 1, 'BSC IN CS', 3),
(87, 'Liwaha, Jackson Stephen', NULL, '2019-04-04957', '$2y$10$Q0uJOr4n6tf6X3V.Rw7ob.9C/0/p/9dajUbqVD6c3LE5NoiYGFfmq', 1, 'BSC IN CS', 3),
(89, 'Mniachi, Mariam Ally', NULL, '2019-04-07642', '$2y$10$cW0c4DQP5sIENipssxFzbuIdbwqEdNrxurVHH0nl.EyY0hlykN0rO', 1, 'BSC IN CS', 3),
(90, 'Mahenge, Christina', NULL, '2019-04-05542', '$2y$10$9l0p1Xsv0NoOB5xxg7DKZemANTqNm4q6oum8tn.QKPPCI6Ux.Sx2C', 1, 'BSC IN CS', 3),
(91, 'Mwemezi, Angela Jovin', NULL, '2019-04-09335', '$2y$10$h4sA6c3OfVWOM5E3KnqL5uPuri.oOy6xLql/TIIzBnb0nvO6nN07K', 1, 'BSC IN CS', 3),
(92, 'Mbalyo, Daniel John', NULL, '2019-04-06561', '$2y$10$B53szXncdis6O5861xXvtOvs8Nrn17cRatjbusucp8x9QP2ljn1Ma', 1, 'BSC IN CS', 3),
(93, 'Ndilanha, Vivian E', NULL, '2019-04-09619', '$2y$10$12nuzRBdfMKaJwNq3sqmEOhoZIW7O7JpAWyWTeSFVteV39okXA/Rq', 1, 'BSC IN CS', 3),
(94, 'Massay, Emanuel Tlatlaa', NULL, '2018-04-01672', '$2y$10$6omKiO18R3rb9qM4HFl2Q.iBILz0DbhTj.xMRA07UWKWYAsxNvNZi', 1, 'BSC IN CS', 3),
(95, 'Kanuwa, Shabani Ramadhani', NULL, '2019-04-03565', '$2y$10$OVX0GoIFR5RcgPlywekHseQa2z4shfJFxWxnW1kda4yQXGBPSzTr2', 1, 'BSC IN CS', 3),
(96, 'Kyaruzi, Shamira S.', NULL, '2019-04-04743', '$2y$10$jQcPey5Re/JoUjwh68gilesqrMCRCjm7kxHno14bM5/nxStAnO26u', 1, 'BSC IN CS', 3),
(97, 'Issa, Hilal H.', NULL, '2018-04-01682', '$2y$10$.i8azWwTiUkGnJOJh5zBbO6UEryXjAYfOHd.EtQ.csRX49tWRFaam', 1, 'BSC IN CS', 3),
(98, 'Jebe, Mbelwa A.', NULL, '2019-04-02822', '$2y$10$6zG.K5GHeaICDXXOibLx0.zQNp.xALfXemURxnGZtAjMN6cBkL8D.', 1, 'BSC IN CS', 3),
(99, 'Machuve, Alice T.', NULL, '2019-04-05343', '$2y$10$AjAHeMggh5jesrXScxgtgu0wk3ljRSp61N213sR.IsiEmd50vf2ge', 1, 'BSC IN CS', 3),
(100, 'Kapfumvuti, Dion Ishe', NULL, '2019-04-01597', '$2y$10$ae74dFPdvNqY/IMWwM2JYOkh9dMR9UJo7MOf6S0fEbh7BYVEb57XS', 1, 'BSC IN CS', 3),
(101, 'Xibona, Jesse A.', NULL, '2019-04-12918', '$2y$10$8UBZxcFGzlHQ5MQa7EqxTefpkSA/Hct9SBcQgyRdo4TKtggaz6Jbq', 1, 'BSC IN CS', 3),
(102, 'Mwakwilusa, Imani A.', NULL, '2018-04-01684', '$2y$10$YGUAYKm0S3rwTv8pEizBdunPa.U1LpcUGRrzqeh4vTrI/5YPTvqHe', 1, 'BSC IN CS', 3),
(103, 'David, Beatrice', NULL, '2019-04-01510', '$2y$10$6oEPjjnuyOxvamjfgHhZfeO5ntCUM3974plBtvMAStIQSV4mCGCXa', 1, 'BSC IN CS', 3),
(104, 'Ikunda, Elvis Neville', NULL, '2018-04-01669', '$2y$10$9zzsI3u5X36JOH.WByAPU.6VeECtnNFLxeOdWkU882MdGcLeU0omK', 1, 'BSC IN CS', 3),
(105, 'DR MATHEW MNDEME', 'hod@udsm.ac.tz', NULL, '$2y$10$ByiCtnUm.PiQDYiNFl4UrOC6QNjP9WIbu3oeAdNtNq1GS4qr/kvfe', 2, '', NULL),
(106, 'RAHIM		HASSANI', NULL, '2020-04-12742', '$2y$10$QthNTU60I2RDraUqISX8Su2o09WjsVHzeP1V310fn0/eVsLcIzZxW', 1, 'BSC IN BIT', 2),
(107, 'MILAN	K	JETHWA', NULL, '2020-04-02684', '$2y$10$QthNTU60I2RDraUqISX8Su2o09WjsVHzeP1V310fn0/eVsLcIzZxW', 1, 'BSC IN BIT', 2),
(108, 'GOODLUCK	DANIEL	MLUNGUSYE', NULL, '2020-04-07414', '$2y$10$QthNTU60I2RDraUqISX8Su2o09WjsVHzeP1V310fn0/eVsLcIzZxW', 1, 'BSC IN BIT', 2),
(109, 'ERNEST,JULIUS	MWINCHUMU', NULL, '2020-04-09111', '$2y$10$QthNTU60I2RDraUqISX8Su2o09WjsVHzeP1V310fn0/eVsLcIzZxW', 1, 'BSC IN BIT', 2),
(110, 'JORDAN,JOSEPHAT CHAKI', NULL, '2020-04-00988', '$2y$10$QthNTU60I2RDraUqISX8Su2o09WjsVHzeP1V310fn0/eVsLcIzZxW', 1, 'BSC IN BIT', 2),
(111, 'PHILIPO,JULIUS LISSU', NULL, '2020-04-04700', '$2y$10$QthNTU60I2RDraUqISX8Su2o09WjsVHzeP1V310fn0/eVsLcIzZxW', 1, 'BSC IN BIT', 2),
(112, 'BENSON,GERALD	MTURI', NULL, '2020-04-08273', '$2y$10$QthNTU60I2RDraUqISX8Su2o09WjsVHzeP1V310fn0/eVsLcIzZxW', 1, 'BSC IN BIT', 2),
(113, 'FLORA,FRANK IKANGA', NULL, '2020-04-02464', '$2y$10$QthNTU60I2RDraUqISX8Su2o09WjsVHzeP1V310fn0/eVsLcIzZxW', 1, 'BSC IN BIT', 2),
(114, 'JULIUS,LAWRENCE BANDA\r\n', NULL, '2020-04-00610', '$2y$10$QthNTU60I2RDraUqISX8Su2o09WjsVHzeP1V310fn0/eVsLcIzZxW', 1, 'BSC IN BIT', 2),
(115, 'JORAM,ALLAN KINGU', NULL, '2020-04-04092', '$2y$10$QthNTU60I2RDraUqISX8Su2o09WjsVHzeP1V310fn0/eVsLcIzZxW', 1, 'BSC IN BIT', 2),
(116, 'LAWRENCE,DEUSDEDIT MASSUKA', NULL, '2020-04-06079', '$2y$10$QthNTU60I2RDraUqISX8Su2o09WjsVHzeP1V310fn0/eVsLcIzZxW', 1, 'BSC IN BIT', 2),
(117, 'DERICK,DEOGRATHIUS MUTALEMWA', NULL, '2020-04-08509', '$2y$10$QthNTU60I2RDraUqISX8Su2o09WjsVHzeP1V310fn0/eVsLcIzZxW', 1, 'BSC IN BIT', 2),
(118, 'COSTANTINE,YOHANA MALABA', NULL, '2020-04-05501', '$2y$10$QthNTU60I2RDraUqISX8Su2o09WjsVHzeP1V310fn0/eVsLcIzZxW', 1, 'BSC IN BIT', 2),
(119, 'BRIAN	FRADIUS MARTIN', NULL, '2020-04-05833', '$2y$10$QthNTU60I2RDraUqISX8Su2o09WjsVHzeP1V310fn0/eVsLcIzZxW', 1, 'BSC IN BIT', 2),
(120, 'NAOMI PETER KUGURU', NULL, '2020-04-04402', '$2y$10$QthNTU60I2RDraUqISX8Su2o09WjsVHzeP1V310fn0/eVsLcIzZxW', 1, 'BSC IN BIT', 2),
(121, 'FATUMA RASHIDI MUHITA', NULL, '2020-04-08312', '$2y$10$QthNTU60I2RDraUqISX8Su2o09WjsVHzeP1V310fn0/eVsLcIzZxW', 1, 'BSC IN BIT', 2),
(122, 'ANNAMARY I KWAYU', NULL, '2020-04-04471', '$2y$10$QthNTU60I2RDraUqISX8Su2o09WjsVHzeP1V310fn0/eVsLcIzZxW', 1, 'BSC IN BIT', 2),
(123, 'WILLIAMU ROBERT MSHANA', NULL, '2020-04-08022', '$2y$10$QthNTU60I2RDraUqISX8Su2o09WjsVHzeP1V310fn0/eVsLcIzZxW', 1, 'BSC IN BIT', 2),
(124, 'STELLA JAMES HANGI', NULL, '2020-04-02198', '$2y$10$QthNTU60I2RDraUqISX8Su2o09WjsVHzeP1V310fn0/eVsLcIzZxW', 1, 'BSC IN BIT', 2),
(125, 'HAMID SEIF SAID', NULL, '2020-04-10896', '$2y$10$QthNTU60I2RDraUqISX8Su2o09WjsVHzeP1V310fn0/eVsLcIzZxW', 1, 'BSC IN BIT', 2),
(126, 'HASHIM UDODDY	MBITA', NULL, '2020-04-12954', '$2y$10$QthNTU60I2RDraUqISX8Su2o09WjsVHzeP1V310fn0/eVsLcIzZxW', 1, 'BSC IN CS', 2),
(127, 'THEOBALD SHADRACK MSEMO', NULL, '2020-04-07992', '$2y$10$QthNTU60I2RDraUqISX8Su2o09WjsVHzeP1V310fn0/eVsLcIzZxW', 1, 'BSC IN CS', 2),
(128, 'ASYA OTHMAN IBRAHIM', NULL, '2020-04-02408', '$2y$10$QthNTU60I2RDraUqISX8Su2o09WjsVHzeP1V310fn0/eVsLcIzZxW', 1, 'BSC IN CS', 2),
(129, 'INTISAAR ABDUL OTHMAN', NULL, '2020-04-10222', '$2y$10$QthNTU60I2RDraUqISX8Su2o09WjsVHzeP1V310fn0/eVsLcIzZxW', 1, 'BSC IN CS', 2),
(131, 'GOODLUCK YOHANA MADADI', NULL, '2020-04-05082', '$2y$10$QthNTU60I2RDraUqISX8Su2o09WjsVHzeP1V310fn0/eVsLcIzZxW', 1, 'BSC IN CS', 2),
(132, 'KWAYU	ELIBARIKI MMARI', NULL, '2020-04-07432', '$2y$10$QthNTU60I2RDraUqISX8Su2o09WjsVHzeP1V310fn0/eVsLcIzZxW', 1, 'BSC IN CS', 2),
(133, 'NYENESYA FRANK MWAKILASA', NULL, '2020-04-08685', '$2y$10$QthNTU60I2RDraUqISX8Su2o09WjsVHzeP1V310fn0/eVsLcIzZxW', 1, 'BSC IN CS', 2),
(134, 'GLORY  ANDREW MADUNDA', NULL, '2020-04-05123', '$2y$10$QthNTU60I2RDraUqISX8Su2o09WjsVHzeP1V310fn0/eVsLcIzZxW', 1, 'BSC IN CS', 2),
(135, 'HEZEKIA ERASTO MWALONGO', NULL, '2020-04-08739', '$2y$10$QthNTU60I2RDraUqISX8Su2o09WjsVHzeP1V310fn0/eVsLcIzZxW', 1, 'BSC IN CS', 2),
(136, 'ALBERT WILLIAM MWANGWA', NULL, '2020-04-08906', '$2y$10$QthNTU60I2RDraUqISX8Su2o09WjsVHzeP1V310fn0/eVsLcIzZxW', 1, 'BSC IN CS', 2),
(137, 'REVINAH LOVE REMIGIUS', NULL, '2020-04-10824', '$2y$10$QthNTU60I2RDraUqISX8Su2o09WjsVHzeP1V310fn0/eVsLcIzZxW', 1, 'BSC IN CS', 2),
(138, 'JOHNSON FREDRICK RWEHUMBIZA', NULL, '2020-04-10824', '$2y$10$QthNTU60I2RDraUqISX8Su2o09WjsVHzeP1V310fn0/eVsLcIzZxW', 1, 'BSC IN CS', 2),
(139, 'ANDREA RENATUS MSILU', NULL, '2020-04-08059', '$2y$10$QthNTU60I2RDraUqISX8Su2o09WjsVHzeP1V310fn0/eVsLcIzZxW', 1, 'BSC IN CS', 2),
(140, 'PETER PIUS JIDAMVA', NULL, '2020-04-02687', '$2y$10$QthNTU60I2RDraUqISX8Su2o09WjsVHzeP1V310fn0/eVsLcIzZxW', 1, 'BSC IN CS', 2),
(141, 'TUMAINIEL T NGAKWIRA', NULL, '2020-04-09497', '$2y$10$QthNTU60I2RDraUqISX8Su2o09WjsVHzeP1V310fn0/eVsLcIzZxW', 1, 'BSC IN CS', 2),
(142, 'MOHAMED	JUMAA MWARIZO', NULL, '2020-04-08968', '$2y$10$QthNTU60I2RDraUqISX8Su2o09WjsVHzeP1V310fn0/eVsLcIzZxW', 1, 'BSC IN CS', 2),
(143, 'DENNIS	FRANCIS	PETRO', NULL, '2020-04-10419', '$2y$10$QthNTU60I2RDraUqISX8Su2o09WjsVHzeP1V310fn0/eVsLcIzZxW', 1, 'BSC IN CS', 2),
(144, 'AMONENENGHA JOHN MPINGUHI ', NULL, '2020-04-07810', '$2y$10$QthNTU60I2RDraUqISX8Su2o09WjsVHzeP1V310fn0/eVsLcIzZxW', 1, 'BSC IN CS', 2),
(145, 'SAMUEL YONA KILLAGANE', NULL, '2020-04-03966', '$2y$10$QthNTU60I2RDraUqISX8Su2o09WjsVHzeP1V310fn0/eVsLcIzZxW', 1, 'BSC IN CS', 2),
(146, 'ALLEN	ANDREW	MGEYEKWA ', NULL, '2020-04-06832', '$2y$10$QthNTU60I2RDraUqISX8Su2o09WjsVHzeP1V310fn0/eVsLcIzZxW', 1, 'BSC IN CS', 2),
(147, 'RITHA LAURIAN MGANGA', NULL, '2020-04-06773', '$2y$10$QthNTU60I2RDraUqISX8Su2o09WjsVHzeP1V310fn0/eVsLcIzZxW', 1, 'BSC IN CS', 2),
(148, 'DENNIS 	MICHAEL FUNDI', NULL, '2020-04-01857 ', '$2y$10$QthNTU60I2RDraUqISX8Su2o09WjsVHzeP1V310fn0/eVsLcIzZxW', 1, 'BSC IN CS', 2),
(149, 'MARIANA	PETER MAGANGA', NULL, '2020-04-05155', '$2y$10$QthNTU60I2RDraUqISX8Su2o09WjsVHzeP1V310fn0/eVsLcIzZxW', 1, 'BSC IN CS', 2),
(150, 'JOSHUA	ALEX	MALLYA', NULL, '2020-04-05584', '$2y$10$QthNTU60I2RDraUqISX8Su2o09WjsVHzeP1V310fn0/eVsLcIzZxW', 1, 'BSC IN CS', 2),
(151, 'NAIF ABDALLA MBARAK', NULL, '2020-04-06334', '$2y$10$QthNTU60I2RDraUqISX8Su2o09WjsVHzeP1V310fn0/eVsLcIzZxW', 1, 'BSC IN CEIT', 2),
(152, 'ELISHA WYCLIF	MASSAWE', NULL, '2020-04-06056', '$2y$10$QthNTU60I2RDraUqISX8Su2o09WjsVHzeP1V310fn0/eVsLcIzZxW', 1, 'BSC IN CEIT', 2),
(154, 'METHUSELA BONIPHACE', NULL, '2020-04-00809', '$2y$10$QthNTU60I2RDraUqISX8Su2o09WjsVHzeP1V310fn0/eVsLcIzZxW', 1, 'BSC IN CEIT', 2),
(155, 'SALMA	ANTHONY	JOSEPH', NULL, '2020-04-02870', '$2y$10$QthNTU60I2RDraUqISX8Su2o09WjsVHzeP1V310fn0/eVsLcIzZxW', 1, 'BSC IN CEIT', 2),
(156, 'JANET SEHEWA KAPINGO', NULL, '2020-04-03443', '$2y$10$QthNTU60I2RDraUqISX8Su2o09WjsVHzeP1V310fn0/eVsLcIzZxW', 1, 'BSC IN CEIT', 2),
(157, 'HARUN H	KIMARO', NULL, '2020-04-04022', '$2y$10$QthNTU60I2RDraUqISX8Su2o09WjsVHzeP1V310fn0/eVsLcIzZxW', 1, 'BSC IN CEIT', 2),
(158, 'PETER JOSEPH MANKO', NULL, '2020-04-05697', '$2y$10$QthNTU60I2RDraUqISX8Su2o09WjsVHzeP1V310fn0/eVsLcIzZxW', 1, 'BSC IN CEIT', 2),
(159, 'LEOKADIA FIDELIS MPOMA', NULL, '2020-04-07821', '$2y$10$QthNTU60I2RDraUqISX8Su2o09WjsVHzeP1V310fn0/eVsLcIzZxW', 1, 'BSC IN CEIT', 2),
(160, 'FRANCIS HUSSEIN KICHENJE', NULL, '2020-04-03808', '$2y$10$QthNTU60I2RDraUqISX8Su2o09WjsVHzeP1V310fn0/eVsLcIzZxW', 1, 'BSC IN CEIT', 2),
(161, 'MAVULA	G GEOFREY', NULL, '2020-04-01934', '$2y$10$QthNTU60I2RDraUqISX8Su2o09WjsVHzeP1V310fn0/eVsLcIzZxW', 1, 'BSC IN CEIT', 2),
(162, 'LILIAN	MARCO	BITESIGIRWE', NULL, '2020-04-00767', '$2y$10$QthNTU60I2RDraUqISX8Su2o09WjsVHzeP1V310fn0/eVsLcIzZxW', 1, 'BSC IN CEIT', 2),
(163, 'SARAFINA FELICIAN MUSHI', NULL, '2020-04-08407', '$2y$10$QthNTU60I2RDraUqISX8Su2o09WjsVHzeP1V310fn0/eVsLcIzZxW', 1, 'BSC IN CEIT', 2),
(164, 'GLADNESS GODFREY MWANDRY', NULL, '2020-04-08859', '$2y$10$QthNTU60I2RDraUqISX8Su2o09WjsVHzeP1V310fn0/eVsLcIzZxW', 1, 'BSC IN CEIT', 2),
(165, 'MHANDO 	ZUBERI 	MHANDO ', NULL, '2020-04-06911', '$2y$10$QthNTU60I2RDraUqISX8Su2o09WjsVHzeP1V310fn0/eVsLcIzZxW', 1, 'BSC IN CEIT', 2),
(166, 'MICHAEL	B SAMBO', NULL, '2020-04-11040', '$2y$10$QthNTU60I2RDraUqISX8Su2o09WjsVHzeP1V310fn0/eVsLcIzZxW', 1, 'BSC IN CEIT', 2),
(167, 'KARIM MANENO MUYA', NULL, '2020-04-13044', '$2y$10$QthNTU60I2RDraUqISX8Su2o09WjsVHzeP1V310fn0/eVsLcIzZxW', 1, 'BSC IN CEIT', 2),
(168, 'NICOLAUS DAMAS DIMOSO', NULL, '2019-04-01591', '$2y$10$QthNTU60I2RDraUqISX8Su2o09WjsVHzeP1V310fn0/eVsLcIzZxW', 1, 'BSC IN CEIT', 2),
(169, 'AHMED FAKI MAKAME', NULL, '2020-04-05406', '$2y$10$QthNTU60I2RDraUqISX8Su2o09WjsVHzeP1V310fn0/eVsLcIzZxW', 1, 'BSC IN CEIT', 2),
(170, 'FRANCIS	J KIURE', NULL, '2020-04-04254', '$2y$10$QthNTU60I2RDraUqISX8Su2o09WjsVHzeP1V310fn0/eVsLcIzZxW', 1, 'BSC IN CEIT', 2),
(171, 'JOY GOSEBERT KAMUGISHA', NULL, '2020-04-03352', '$2y$10$QthNTU60I2RDraUqISX8Su2o09WjsVHzeP1V310fn0/eVsLcIzZxW', 1, 'BSC IN CEIT', 2),
(172, 'BELINDA	JOSEPH	NGERERI', NULL, '2020-04-09546', '$2y$10$QthNTU60I2RDraUqISX8Su2o09WjsVHzeP1V310fn0/eVsLcIzZxW', 1, 'BSC IN CEIT', 2),
(173, 'GLORIA KEMILEMBE MTAGWABA', NULL, '2020-04-08161', '$2y$10$QthNTU60I2RDraUqISX8Su2o09WjsVHzeP1V310fn0/eVsLcIzZxW', 1, 'BSC IN CEIT', 2),
(174, 'RACHEL MOSES MANYATTA', NULL, '2020-04-05719', '$2y$10$QthNTU60I2RDraUqISX8Su2o09WjsVHzeP1V310fn0/eVsLcIzZxW', 1, 'BSC IN CEIT', 2),
(175, 'ALEX	DANIEL	ELISHA', NULL, '2020-04-01641', '$2y$10$QthNTU60I2RDraUqISX8Su2o09WjsVHzeP1V310fn0/eVsLcIzZxW', 1, 'BSC IN CEIT', 2),
(176, 'BARAKA	B CHAGAVALIE', NULL, '2020-04-00982', '$2y$10$QthNTU60I2RDraUqISX8Su2o09WjsVHzeP1V310fn0/eVsLcIzZxW', 1, 'BSC IN BIT', 2),
(177, 'PIUS VENANCE RWEGOSHORA', NULL, '2020-04-10819', '$2y$10$QthNTU60I2RDraUqISX8Su2o09WjsVHzeP1V310fn0/eVsLcIzZxW', 1, 'BSC IN BIT', 2),
(178, 'YAHYA MASUDI', NULL, '2020-04-06087', '$2y$10$QthNTU60I2RDraUqISX8Su2o09WjsVHzeP1V310fn0/eVsLcIzZxW', 1, 'BSC IN BIT', 2),
(180, 'ALEX GASTONE MKWIZU', NULL, '2020-04-07314', '$2y$10$QthNTU60I2RDraUqISX8Su2o09WjsVHzeP1V310fn0/eVsLcIzZxW', 1, 'BSC IN BIT', 2),
(181, 'LULU YAHYA SHABAN', NULL, '2020-04-11367', '$2y$10$QthNTU60I2RDraUqISX8Su2o09WjsVHzeP1V310fn0/eVsLcIzZxW', 1, 'BSC IN BIT', 2),
(183, 'RACHEL P NJAU', NULL, '2020-04-13088', '$2y$10$QthNTU60I2RDraUqISX8Su2o09WjsVHzeP1V310fn0/eVsLcIzZxW', 1, 'BSC IN BIT', 2),
(184, 'FARAJA	PETER', NULL, '2020-04-13655', '$2y$10$QthNTU60I2RDraUqISX8Su2o09WjsVHzeP1V310fn0/eVsLcIzZxW', 1, 'BSC IN BIT', 2),
(186, 'TONY NEMES RITE', NULL, '2020-04-10723', '$2y$10$QthNTU60I2RDraUqISX8Su2o09WjsVHzeP1V310fn0/eVsLcIzZxW', 1, 'BSC IN BIT', 2),
(187, 'DOREEN 	EMMANUEL KATUMA', NULL, '2020-04-03601', '$2y$10$QthNTU60I2RDraUqISX8Su2o09WjsVHzeP1V310fn0/eVsLcIzZxW', 1, 'BSC IN BIT', 2),
(188, 'CATHERINE GEORGE MASONGO', NULL, '2020-04-06013', '$2y$10$QthNTU60I2RDraUqISX8Su2o09WjsVHzeP1V310fn0/eVsLcIzZxW', 1, 'BSC IN BIT', 2),
(189, 'KAGIZE 	LAZARO 	BIHOLE', NULL, '2020-04-00734', '$2y$10$QthNTU60I2RDraUqISX8Su2o09WjsVHzeP1V310fn0/eVsLcIzZxW', 1, 'BSC IN BIT', 2),
(190, 'NOTKER	FORTUNATUS KAPINGA', NULL, '2020-04-03423', '$2y$10$QthNTU60I2RDraUqISX8Su2o09WjsVHzeP1V310fn0/eVsLcIzZxW', 1, 'BSC IN BIT', 2),
(191, 'HANS SYLVESTER MATTUNDA', NULL, '2020-04-06226', '$2y$10$QthNTU60I2RDraUqISX8Su2o09WjsVHzeP1V310fn0/eVsLcIzZxW', 1, 'BSC IN BIT', 2),
(192, 'PRUDENSIA BONIFACE MAZIKU', NULL, '2020-04-06298', '$2y$10$QthNTU60I2RDraUqISX8Su2o09WjsVHzeP1V310fn0/eVsLcIzZxW', 1, 'BSC IN BIT', 2),
(193, 'ROBERT	JOHN	PATRICK', NULL, '2016-04-07591', '$2y$10$QthNTU60I2RDraUqISX8Su2o09WjsVHzeP1V310fn0/eVsLcIzZxW', 1, 'BSC IN BIT', 2),
(194, 'FLORENCIA PHIDADELPH KITUKU', NULL, '2020-04-04237', '$2y$10$QthNTU60I2RDraUqISX8Su2o09WjsVHzeP1V310fn0/eVsLcIzZxW', 1, 'BSC IN BIT', 2),
(195, 'AUSTIN	M CAESAR', NULL, '2020-04-00948', '$2y$10$QthNTU60I2RDraUqISX8Su2o09WjsVHzeP1V310fn0/eVsLcIzZxW', 1, 'BSC IN BIT', 2),
(196, 'HASSAN	OMARY	KONGOI', NULL, '2020-04-04376', '$2y$10$QthNTU60I2RDraUqISX8Su2o09WjsVHzeP1V310fn0/eVsLcIzZxW', 1, 'BSC IN BIT', 2),
(197, 'SHAFII	SAID	NAMWANGA', NULL, '2020-04-09227\r\n', '$2y$10$QthNTU60I2RDraUqISX8Su2o09WjsVHzeP1V310fn0/eVsLcIzZxW', 1, 'BSC IN BIT', 2),
(198, 'BACHUBIRA, PRINCIPIUS', NULL, ' 	2021-04-00581', '$2y$10$z1iQI2ZuKOB7XL6EhCwya.4S2X4RDit89ZCvysTYxmmwDOve2gFQm', 1, 'BSC IN CS', 1),
(199, '\r\nBAHATI, KELVIN PROTAS', NULL, ' 	2021-04-00597', '$2y$10$z1iQI2ZuKOB7XL6EhCwya.4S2X4RDit89ZCvysTYxmmwDOve2gFQm', 1, 'BSC IN CS', 1),
(200, '\r\nBARONGO, ADVERA ARCHARD', NULL, ' 	2020-04-00639', '$2y$10$z1iQI2ZuKOB7XL6EhCwya.4S2X4RDit89ZCvysTYxmmwDOve2gFQm', 1, 'BSC IN CS', 1),
(201, '\r\nBENJAMIN, KULWA MICHAEL', NULL, '	2021-04-00781', '$2y$10$b0YuZNTiOHiUjQd2w7rXuuQBHChHhGRWV4SI0o8HnFSATzmcMkPDC', 1, 'BSC IN CS', 1),
(202, '\r\nBERNARD, PETRO SELESTINE', NULL, '	2021-04-00789', '$2y$10$z1iQI2ZuKOB7XL6EhCwya.4S2X4RDit89ZCvysTYxmmwDOve2gFQm', 1, 'BSC IN CS', 1),
(203, '\r\nCHANGURU, HUSSEIN MASOUD', NULL, ' 	2021-04-01099', '$2y$10$z1iQI2ZuKOB7XL6EhCwya.4S2X4RDit89ZCvysTYxmmwDOve2gFQm', 1, 'BSC IN CS', 1),
(204, '\r\nCHAULA, RONALD H', NULL, '	2021-04-01176', '$2y$10$z1iQI2ZuKOB7XL6EhCwya.4S2X4RDit89ZCvysTYxmmwDOve2gFQm', 1, 'BSC IN CS', 1),
(205, '\r\nCHOMA, EPIFANIA M', NULL, '	2021-04-01275', '$2y$10$z1iQI2ZuKOB7XL6EhCwya.4S2X4RDit89ZCvysTYxmmwDOve2gFQm', 1, 'BSC IN CS', 1),
(206, '\r\nDAUD, DAUD LAZARO', NULL, '2021-04-01460', '$2y$10$z1iQI2ZuKOB7XL6EhCwya.4S2X4RDit89ZCvysTYxmmwDOve2gFQm', 1, 'BSC IN CS', 1),
(207, '\r\nELIJA, FRENK OGWEYO', NULL, ' 	2021-04-01667', '$2y$10$z1iQI2ZuKOB7XL6EhCwya.4S2X4RDit89ZCvysTYxmmwDOve2gFQm', 1, 'BSC IN CS', 1),
(208, '\r\nENOSI, ROSE JOHN', NULL, ' 	2021-04-01727', '$2y$10$z1iQI2ZuKOB7XL6EhCwya.4S2X4RDit89ZCvysTYxmmwDOve2gFQm', 1, 'BSC IN CS', 1),
(209, '\r\nERNEST, YUSTO RAPHAEL', NULL, '	2021-04-01747', '$2y$10$z1iQI2ZuKOB7XL6EhCwya.4S2X4RDit89ZCvysTYxmmwDOve2gFQm', 1, 'BSC IN CS', 1),
(210, '\r\nFELICIAN, AIDAN YUSTO', NULL, '	2021-04-01820', '$2y$10$z1iQI2ZuKOB7XL6EhCwya.4S2X4RDit89ZCvysTYxmmwDOve2gFQm', 1, 'BSC IN CS', 1),
(211, '\r\nGABONE, DEBORA ATUGONZA', NULL, ' 	2021-04-01932', '$2y$10$z1iQI2ZuKOB7XL6EhCwya.4S2X4RDit89ZCvysTYxmmwDOve2gFQm', 1, 'BSC IN CS', 1),
(212, 'GIBURE, ADELPHINA PASCAL', NULL, ' 	2021-04-02030', '$2y$10$z1iQI2ZuKOB7XL6EhCwya.4S2X4RDit89ZCvysTYxmmwDOve2gFQm', 1, 'BSC IN CS', 1),
(213, '\r\nIKWARI, IBRAHIMU FADHILI', NULL, '	2021-04-02550', '$2y$10$z1iQI2ZuKOB7XL6EhCwya.4S2X4RDit89ZCvysTYxmmwDOve2gFQm', 1, 'BSC IN CS', 1),
(214, '\r\nISSA, SHAHAME A ', NULL, '	2021-04-02632', '$2y$10$z1iQI2ZuKOB7XL6EhCwya.4S2X4RDit89ZCvysTYxmmwDOve2gFQm', 1, 'BSC IN CS', 1),
(215, '\r\nJACOB, JACOB GODFREY', NULL, ' 	2021-04-02685', '$2y$10$z1iQI2ZuKOB7XL6EhCwya.4S2X4RDit89ZCvysTYxmmwDOve2gFQm', 1, 'BSC IN CS', 1),
(216, '\r\nJOSEPH, EDINA EXPEL', NULL, ' 	2021-04-02965', '$2y$10$z1iQI2ZuKOB7XL6EhCwya.4S2X4RDit89ZCvysTYxmmwDOve2gFQm', 1, 'BSC IN CS', 1),
(217, '\r\nJUMANNE, GRACE YELLA', NULL, '  	2021-04-03126', '$2y$10$z1iQI2ZuKOB7XL6EhCwya.4S2X4RDit89ZCvysTYxmmwDOve2gFQm', 1, 'BSC IN CS', 1),
(218, '\r\nKAIHULA, LINA KAJUNA ', NULL, '	2021-04-03265', '$2y$10$z1iQI2ZuKOB7XL6EhCwya.4S2X4RDit89ZCvysTYxmmwDOve2gFQm', 1, 'BSC IN CS', 1),
(219, '\r\nKALEGHE, NEEMA ALFRED', NULL, ' 	2021-04-03311', '$2y$10$z1iQI2ZuKOB7XL6EhCwya.4S2X4RDit89ZCvysTYxmmwDOve2gFQm', 1, 'BSC IN CS', 1),
(220, '\r\nKHALIFA, SAID JAMAL ', NULL, '	2021-04-03821', '$2y$10$z1iQI2ZuKOB7XL6EhCwya.4S2X4RDit89ZCvysTYxmmwDOve2gFQm', 1, 'BSC IN CS', 1),
(221, '\r\nKIMARIO, JANETH ALEX ', NULL, '	2021-04-04108', '$2y$10$z1iQI2ZuKOB7XL6EhCwya.4S2X4RDit89ZCvysTYxmmwDOve2gFQm', 1, 'BSC IN CS', 1),
(222, '\r\nKITALIKA, OSTAVINA BENEDICT', NULL, ' 	2021-04-04321', '$2y$10$z1iQI2ZuKOB7XL6EhCwya.4S2X4RDit89ZCvysTYxmmwDOve2gFQm', 1, 'BSC IN CS', 1),
(223, '\r\nKITANGALALA, IPYANA NGAMANYA ', NULL, '	2021-04-04325', '$2y$10$z1iQI2ZuKOB7XL6EhCwya.4S2X4RDit89ZCvysTYxmmwDOve2gFQm', 1, 'BSC IN CS', 1),
(224, '\r\nKOKA, FREDRICK HENRY', NULL, '	2021-04-04422', '$2y$10$z1iQI2ZuKOB7XL6EhCwya.4S2X4RDit89ZCvysTYxmmwDOve2gFQm', 1, 'BSC IN CS', 1),
(225, '\r\nKOMBE, AGNELLA GOODCHANCE', NULL, '2021-04-04474', '$2y$10$z1iQI2ZuKOB7XL6EhCwya.4S2X4RDit89ZCvysTYxmmwDOve2gFQm', 1, 'BSC IN CS', 1),
(226, '\r\nKUNDI, VICTORIA S', NULL, ' 	2021-04-04540', '$2y$10$z1iQI2ZuKOB7XL6EhCwya.4S2X4RDit89ZCvysTYxmmwDOve2gFQm', 1, 'BSC IN CEIT', 1),
(227, '\r\nKWEKA, HELGA GEORGE', NULL, ' 	2021-04-04583', '$2y$10$z1iQI2ZuKOB7XL6EhCwya.4S2X4RDit89ZCvysTYxmmwDOve2gFQm', 1, 'BSC IN CEIT', 1),
(228, '\r\nLAMBI, ADILA OMARY', NULL, ' 	2021-04-04669', '$2y$10$z1iQI2ZuKOB7XL6EhCwya.4S2X4RDit89ZCvysTYxmmwDOve2gFQm', 1, 'BSC IN CEIT', 1),
(229, '\r\nLEMASANI, BRIAN FILIBERT', NULL, '	2021-04-04736', '$2y$10$z1iQI2ZuKOB7XL6EhCwya.4S2X4RDit89ZCvysTYxmmwDOve2gFQm', 1, 'BSC IN CEIT', 1),
(230, '\r\nLUSAKO, BERTHA MATHIAS', NULL, ' 	2021-04-05008', '$2y$10$z1iQI2ZuKOB7XL6EhCwya.4S2X4RDit89ZCvysTYxmmwDOve2gFQm', 1, 'BSC IN CEIT', 1),
(231, '\r\nMADAMBA, ROCKFELLER SELEMANI ', NULL, '	2021-04-05193', '$2y$10$z1iQI2ZuKOB7XL6EhCwya.4S2X4RDit89ZCvysTYxmmwDOve2gFQm', 1, 'BSC IN CEIT', 1),
(232, '\r\nMADUHU, WASHA M ', NULL, '	2021-04-05213', '$2y$10$z1iQI2ZuKOB7XL6EhCwya.4S2X4RDit89ZCvysTYxmmwDOve2gFQm', 1, 'BSC IN CEIT', 1),
(233, '\r\nMAHUSHI, MARCO ZACHAEUS', NULL, ' 	2020-04-13252', '$2y$10$z1iQI2ZuKOB7XL6EhCwya.4S2X4RDit89ZCvysTYxmmwDOve2gFQm', 1, 'BSC IN CEIT', 1),
(234, 'MAHUWI, ERICK E', NULL, '	2020-04-05327', '$2y$10$z1iQI2ZuKOB7XL6EhCwya.4S2X4RDit89ZCvysTYxmmwDOve2gFQm', 1, 'BSC IN CEIT', 1),
(235, '\r\nMAINA, DESIDERIA ROBERT', NULL, '	2021-04-05425', '$2y$10$z1iQI2ZuKOB7XL6EhCwya.4S2X4RDit89ZCvysTYxmmwDOve2gFQm', 1, 'BSC IN CEIT', 1),
(236, '\r\nMAPUNDA, MELKIOLI HEZRON', NULL, ' 	2021-04-05820', '$2y$10$z1iQI2ZuKOB7XL6EhCwya.4S2X4RDit89ZCvysTYxmmwDOve2gFQm', 1, 'BSC IN CEIT', 1),
(237, '\r\nMARISHAY, BRIAN S', NULL, ' 	2020-04-05811', '$2y$10$z1iQI2ZuKOB7XL6EhCwya.4S2X4RDit89ZCvysTYxmmwDOve2gFQm', 1, 'BSC IN CEIT', 1),
(238, '\r\nMAYAYA, ROZALIA NYAMKUBI', NULL, '	2021-04-06340', '$2y$10$z1iQI2ZuKOB7XL6EhCwya.4S2X4RDit89ZCvysTYxmmwDOve2gFQm', 1, 'BSC IN CEIT', 1),
(239, '\r\nMBAGA, JACKSON HOOD ', NULL, '	2021-04-06379', '$2y$10$z1iQI2ZuKOB7XL6EhCwya.4S2X4RDit89ZCvysTYxmmwDOve2gFQm', 1, 'BSC IN CEIT', 1),
(240, '\r\nMBISE, SETH DOUGLAS', NULL, ' 	2021-04-06525', '$2y$10$z1iQI2ZuKOB7XL6EhCwya.4S2X4RDit89ZCvysTYxmmwDOve2gFQm', 1, 'BSC IN CEIT', 1),
(241, '\r\nMIKIDA, KELVIN LEONARD', NULL, ' 	2021-04-07079', '$2y$10$z1iQI2ZuKOB7XL6EhCwya.4S2X4RDit89ZCvysTYxmmwDOve2gFQm', 1, 'BSC IN CEIT', 1),
(242, '\r\nMKINI, JANETH JUSTINE', NULL, ' 	2021-04-07261', '$2y$10$z1iQI2ZuKOB7XL6EhCwya.4S2X4RDit89ZCvysTYxmmwDOve2gFQm', 1, 'BSC IN CEIT', 1),
(243, '\r\nMLOLA, GULYA MDONGO', NULL, ' 	2021-04-07421', '$2y$10$z1iQI2ZuKOB7XL6EhCwya.4S2X4RDit89ZCvysTYxmmwDOve2gFQm', 1, 'BSC IN CEIT', 1),
(244, '\r\nMPENDWA, ANSBERTUS G ', NULL, '2021-04-07820', '$2y$10$z1iQI2ZuKOB7XL6EhCwya.4S2X4RDit89ZCvysTYxmmwDOve2gFQm', 1, 'BSC IN CEIT', 1),
(245, '\r\nMSHANA, JAMES JOSEPHAT', NULL, '2021-04-08018', '$2y$10$z1iQI2ZuKOB7XL6EhCwya.4S2X4RDit89ZCvysTYxmmwDOve2gFQm', 1, 'BSC IN CEIT', 1),
(246, '\r\nMSIGWA, CELINA LEONARD', NULL, ' 	2021-04-08052', '$2y$10$z1iQI2ZuKOB7XL6EhCwya.4S2X4RDit89ZCvysTYxmmwDOve2gFQm', 1, 'BSC IN CEIT', 1),
(247, '\r\nMSUYA, ANNE POLYCARP', NULL, ' 	2021-04-08147', '$2y$10$z1iQI2ZuKOB7XL6EhCwya.4S2X4RDit89ZCvysTYxmmwDOve2gFQm', 1, 'BSC IN CEIT', 1),
(248, '\r\nMSUYA, IDRISSA WAHABU', NULL, ' 	2021-04-08127', '$2y$10$z1iQI2ZuKOB7XL6EhCwya.4S2X4RDit89ZCvysTYxmmwDOve2gFQm', 1, 'BSC IN CEIT', 1),
(249, '\r\nMUHANGE, FRED ALEX', NULL, ' 	2021-04-08313', '$2y$10$z1iQI2ZuKOB7XL6EhCwya.4S2X4RDit89ZCvysTYxmmwDOve2gFQm', 1, 'BSC IN CEIT', 1),
(250, '\r\nMUNUO, JUDITH SOLOMON', NULL, '	2021-04-08389', '$2y$10$z1iQI2ZuKOB7XL6EhCwya.4S2X4RDit89ZCvysTYxmmwDOve2gFQm', 1, 'BSC IN CEIT', 1),
(251, '\r\nMWAISUMBE, BEATRICE MIKE', NULL, '	2021-04-08642', '$2y$10$z1iQI2ZuKOB7XL6EhCwya.4S2X4RDit89ZCvysTYxmmwDOve2gFQm', 1, 'BSC IN BIT', 1),
(252, '\r\nMWAKAFWAGA, LUSAJO TUMAINI', NULL, '	2021-04-08666', '$2y$10$z1iQI2ZuKOB7XL6EhCwya.4S2X4RDit89ZCvysTYxmmwDOve2gFQm', 1, 'BSC IN BIT', 1),
(253, '\r\nMWALIMU, ISIHAKA HOSSEIN', NULL, ' 	2021-04-08791', '$2y$10$z1iQI2ZuKOB7XL6EhCwya.4S2X4RDit89ZCvysTYxmmwDOve2gFQm', 1, 'BSC IN BIT', 1),
(254, '\r\nMWITA, IRENE MUSAMA', NULL, '	2021-04-09212', '$2y$10$z1iQI2ZuKOB7XL6EhCwya.4S2X4RDit89ZCvysTYxmmwDOve2gFQm', 1, 'BSC IN BIT', 1),
(255, '\r\nMZIRAY, HELLEN TEZURA', NULL, ' 	2021-04-09262', '$2y$10$z1iQI2ZuKOB7XL6EhCwya.4S2X4RDit89ZCvysTYxmmwDOve2gFQm', 1, 'BSC IN BIT', 1),
(256, '\r\nNADEIT, JEREMIA DAUD ', NULL, '	2021-04-09281', '$2y$10$z1iQI2ZuKOB7XL6EhCwya.4S2X4RDit89ZCvysTYxmmwDOve2gFQm', 1, 'BSC IN BIT', 1),
(257, '\r\nNAMBOLOLO, ELIYA LUCAS', NULL, ' 	2021-04-09304', '$2y$10$z1iQI2ZuKOB7XL6EhCwya.4S2X4RDit89ZCvysTYxmmwDOve2gFQm', 1, 'BSC IN BIT', 1),
(258, 'NESTORY, NELSON MTAKYAMILWA', NULL, ' 	2021-04-09544', '$2y$10$z1iQI2ZuKOB7XL6EhCwya.4S2X4RDit89ZCvysTYxmmwDOve2gFQm', 1, 'BSC IN BIT', 1),
(259, '\r\nNGOWI, DIONISIA DEOGRATIAS', NULL, ' 	2021-04-09721', '$2y$10$z1iQI2ZuKOB7XL6EhCwya.4S2X4RDit89ZCvysTYxmmwDOve2gFQm', 1, 'BSC IN BIT', 1),
(260, '\r\nNKEMBO, CRESENSIA GERVAS', NULL, '	2021-04-09834', '$2y$10$z1iQI2ZuKOB7XL6EhCwya.4S2X4RDit89ZCvysTYxmmwDOve2gFQm', 1, 'BSC IN BIT', 1),
(261, '\r\nNSIMBA, RUTH MELKIORY', NULL, ' 	2021-04-09925', '$2y$10$z1iQI2ZuKOB7XL6EhCwya.4S2X4RDit89ZCvysTYxmmwDOve2gFQm', 1, 'BSC IN BIT', 1),
(262, '\r\nOMARI, AMINA JUMA', NULL, '	2021-04-10192', '$2y$10$z1iQI2ZuKOB7XL6EhCwya.4S2X4RDit89ZCvysTYxmmwDOve2gFQm', 1, 'BSC IN BIT', 1),
(263, '\r\nPATER, AMAR RAJESH', NULL, '2021-04-10339', '$2y$10$z1iQI2ZuKOB7XL6EhCwya.4S2X4RDit89ZCvysTYxmmwDOve2gFQm', 1, 'BSC IN BIT', 1),
(264, '\r\nRAJAB, RAJAB HASSAN', NULL, '	2021-04-10579', '$2y$10$z1iQI2ZuKOB7XL6EhCwya.4S2X4RDit89ZCvysTYxmmwDOve2gFQm', 1, 'BSC IN BIT', 1),
(265, '\r\nREWETA, STANLEY AMINIEL', NULL, '	2021-04-10740', '$2y$10$z1iQI2ZuKOB7XL6EhCwya.4S2X4RDit89ZCvysTYxmmwDOve2gFQm', 1, 'BSC IN BIT', 1),
(266, '\r\nSAMMA, HASSAN ABDULRAHMAN', NULL, ' 	2021-04-11139', '$2y$10$z1iQI2ZuKOB7XL6EhCwya.4S2X4RDit89ZCvysTYxmmwDOve2gFQm', 1, 'BSC IN BIT', 1),
(267, '\r\nSHEMWETA, MAGRETH SAMWEL', NULL, ' 	2021-04-11598', '$2y$10$z1iQI2ZuKOB7XL6EhCwya.4S2X4RDit89ZCvysTYxmmwDOve2gFQm', 1, 'BSC IN BIT', 1),
(268, '\r\nSHESHANGALI, RACHEL TIMILAI ', NULL, '	2021-04-11602', '$2y$10$z1iQI2ZuKOB7XL6EhCwya.4S2X4RDit89ZCvysTYxmmwDOve2gFQm', 1, 'BSC IN BIT', 1),
(269, '\r\nSHUMA, DAVID LEONARD', NULL, '	2021-04-11699', '$2y$10$z1iQI2ZuKOB7XL6EhCwya.4S2X4RDit89ZCvysTYxmmwDOve2gFQm', 1, 'BSC IN BIT', 1),
(270, '\r\nSILAA, FAITH', NULL, '	2021-04-11749', '$2y$10$z1iQI2ZuKOB7XL6EhCwya.4S2X4RDit89ZCvysTYxmmwDOve2gFQm', 1, 'BSC IN BIT', 1),
(271, '\r\nSIMA, JOSEPH DANIEL', NULL, '2021-04-11771', '$2y$10$z1iQI2ZuKOB7XL6EhCwya.4S2X4RDit89ZCvysTYxmmwDOve2gFQm', 1, 'BSC IN BIT', 1),
(272, '\r\nTESHA, VEDASTO Z', NULL, ' 	2021-04-12213', '$2y$10$z1iQI2ZuKOB7XL6EhCwya.4S2X4RDit89ZCvysTYxmmwDOve2gFQm', 1, 'BSC IN BIT', 1),
(273, '\r\nVALERIAN, VINCENSIAH SAMUMBA', NULL, '	2021-04-12429', '$2y$10$z1iQI2ZuKOB7XL6EhCwya.4S2X4RDit89ZCvysTYxmmwDOve2gFQm', 1, 'BSC IN BIT', 1),
(274, '\r\nVISHANI, JAINICK MANOJ', NULL, ' 	2021-04-12452', '$2y$10$z1iQI2ZuKOB7XL6EhCwya.4S2X4RDit89ZCvysTYxmmwDOve2gFQm', 1, 'BSC IN BIT', 1),
(275, '\r\nWILLIAM, LILIAN DAVID ', NULL, '	2021-04-12562', '$2y$10$z1iQI2ZuKOB7XL6EhCwya.4S2X4RDit89ZCvysTYxmmwDOve2gFQm', 1, 'BSC IN BIT', 1),
(276, 'Dr. Godfrey N. Justo', 'njulumi@gmail.com', 'NULL', '$2y$10$V05tlM.T50zcfMuiSqaQje4rkRMFxW8RVSaBT7auVoDNXKwvcjAeS', 3, NULL, NULL),
(277, 'Dr. Juma H.Lungo', 'jlungo@udsm.ac.tz', 'NULL', '$2y$10$INs91UEX3aU9aHUcXlG4feIyTylg4M2N5.x/dZZxPO1HJEhuYIjoC', 3, NULL, NULL),
(278, 'Dr. Ruth Kateule', 'macky@yahoo.com', 'NULL', '$2y$10$4E2BbrrrF85az33HJAOKM.KYSsrJi.mGIFCRRL.mOAXvqzcrcu3b2', 3, NULL, NULL),
(279, 'Dr. Wilfred Senyoni', 'senyoni@gmail.com', 'NULL', '$2y$10$cI3.w6H87/gaHk7b/D9ZiuS//mDV7mSm/qamtj2SLmGIKNWvfi9L2', 3, NULL, NULL),
(280, 'Dr. Aron W. Kondoro', 'awkondoro@gmail.com', 'NULL', '$2y$10$5O0V6iwrOWNQq2d5CC71bOuGx/rE3wyHZyuY/FaTiA/OzaJ44nrBW', 3, NULL, NULL),
(281, 'Dr. Fatuma Simba', 'fatmasimba@gmail.com', 'NULL', '$2y$10$OCoJ7IiC9P8GjOwJo7cto.QsHsvBpNXw9HM3e6P0nQIrdrB6AvIHe', 3, NULL, NULL),
(282, 'Dr. Abdullah Ally', 'abdull01tzy@yahoo.com', 'NULL', '$2y$10$8plhH8ed70eUwGdisdL8HeWdWWbBnLK7fLTwKObo1q37OxuwWb8dO', 3, NULL, NULL),
(283, 'Dr. Leonard P. Binamungu', 'lepebina@udsm.ac.tz', 'NULL', '$2y$10$wC/zdjFM5YrtGwWkncaKHuYuqoKpdlphC/IMTmW1LXzXNg/MtIgK6', 3, NULL, NULL),
(284, 'Dr. Hellen Maziku', 'nahelna@gmail.com', 'NULL', '$2y$10$q7jaVp1r.Kc3R1Vh0S1tV.e9nqIB4WZ7vl3.21mOkOpT8J3T5hGZ6', 3, NULL, NULL),
(285, 'Dr. Jimmy Mbelwa', 'jmbelwa@yahoo.co.uk', 'NULL', '$2y$10$r3C70w8xzMxuUIm9UF20iOsW0lkPAhSarJ9/Y83XbnRPxJSoN5I4q', 3, NULL, NULL),
(286, 'Dr. Joseph C. Mushi', 'mushyjc@gmail.co.tz', 'NULL', '$2y$10$3xg7luWS0YdAz2N8TcLifOBirc7HLf6NptMgJXBoAYeZwArJMzap2', 3, NULL, NULL),
(287, 'Dr. James Chambua', 'james.chambua@udsm.ac.tz', 'NULL', '$2y$10$3xg7luWS0YdAz2N8TcLifOBirc7HLf6NptMgJXBoAYeZwArJMzap2', 3, NULL, NULL),
(288, 'Dr. Wilbard Nyamwihula', 'wbilungi@yahoo.com', 'NULL', '$2y$10$1jcFeycpJNKN2v6vwW6JV.naGY547CymTR/elrL76GwHndLhpk7SG', 3, NULL, NULL),
(289, 'Dr. Salome H. Maro', 'salomehonest@gmail.com', 'NULL', '$2y$10$hT59NWZzmEW1lTjfoFsYguqc2o3LHInxhyQCmvA.cTA32iq19eIE6', 3, NULL, NULL),
(290, 'Dr. Frank Kennedy', 'kenfactz@gmail.com', 'NULL', '$2y$10$iplqyDCKcIVvDqkDxOG0m.PvfZQSg5JgiJ1pCy8FAo7Z5Mb8WUKDe', 3, NULL, NULL),
(291, 'Dr. Masoud H. Mahundi', 'mmahundi97@gmail.com', 'NULL', '$2y$10$Eqatzsjz4.fb5gH9YW43DenLLFHzZI26BKjASuyvVbNqEiUpaRc92', 3, NULL, NULL),
(292, 'Dr. Daudi Mnyanghwalo', 'info@cse.udsm.ac.tz', 'NULL', '$2y$10$sLoYQbbQJo/YI/0ELysg6umIV7CC3iLrHtSLE/TCYu7pWW9dX2bnG', 3, NULL, NULL),
(293, 'Dr. Yonah Andengelile', 'yona.andengelile@gmail.com', 'NULL', '$2y$10$gwUg/VySE24sx3HImDyoeuluXwXA7I2MwcMGE4wk7ekgGMMSf36ue', 3, NULL, NULL),
(294, 'Dr. Honest C. Kimaro', 'honest_c@yahoo.com', 'NULL', '$2y$10$pUZguJhr11PyJVGwctsOBua01XSLHO2wKib5cmyge6jB7NkcpctKq', 3, NULL, NULL),
(295, 'Dr. Ellen A Kalinga', 'ellenakchale@gmail.com', 'NULL', '$2y$10$TOLdAydMXsPrYG3NWMkMxuQRr6GMLUOzl9uZkoPsorQqb.CzA5yaG', 3, NULL, NULL),
(296, 'Dr Mercy Mbise', 'mmbise@udsm.ac.tz', NULL, '$2y$10$KVCEZ5Y.OtYe2kGOS0klk.PftD/qtVOzbKilFZDGQJ9RxJeZ5qBAC', 3, NULL, NULL),
(297, 'Sarah Admin', 'admin@udsm.ac.tz', NULL, '$2y$10$D3IoVMqQdIMzj4lFhqnhHejGzSHJDhbVdLyFVjThywZFk4p8IvFwa', 4, NULL, NULL),
(298, 'Kelvin Kedyson Zacharia', NULL, '2020-04-05406', 'zacharia', 1, 'BSC IN CS', 2),
(300, 'Albert Misilimbo', NULL, '2020-04-05906', 'zacharia', 1, 'BSC IN BIT', 2);

-- --------------------------------------------------------

--
-- Table structure for table `user_response`
--

CREATE TABLE `user_response` (
  `id` int(11) NOT NULL,
  `user_id` int(10) UNSIGNED NOT NULL,
  `course_code` varchar(200) DEFAULT NULL
) ENGINE=InnoDB DEFAULT CHARSET=utf8mb4;

--
-- Dumping data for table `user_response`
--

INSERT INTO `user_response` (`id`, `user_id`, `course_code`) VALUES
(1, 91, 'MT 100'),
(2, 91, 'CL 111'),
(3, 91, 'CL 111'),
(4, 91, 'CS 174'),
(5, 91, 'CL 111'),
(6, 91, 'CL 111'),
(7, 91, 'CL 111'),
(8, 91, 'CL 111'),
(9, 91, 'CL 111'),
(10, 91, 'CL 111'),
(11, 91, 'CL 111'),
(12, 91, 'CL 111'),
(13, 91, 'CL 111'),
(14, 91, 'CL 111'),
(15, 91, 'CL 111'),
(16, 91, 'CL 111'),
(17, 91, 'CL 111'),
(18, 91, 'CS 354'),
(19, 91, 'CL 111'),
(20, 91, 'CL 111'),
(21, 91, 'CL 111'),
(22, 91, 'CL 111'),
(23, 91, 'CL 111'),
(24, 91, 'CL 111'),
(25, 91, 'CL 111'),
(26, 103, 'CL 111'),
(27, 103, 'CL 111'),
(28, 103, 'CL 111'),
(29, 103, 'CL 111'),
(30, 103, 'CL 111'),
(31, 103, 'CS 174'),
(32, 103, 'CS 174'),
(33, 103, 'CS 174'),
(34, 103, 'CS 174'),
(35, 103, 'CS 174'),
(36, 103, 'CS 174'),
(37, 103, 'CS 174'),
(38, 103, 'CS 174'),
(39, 103, 'CS 174'),
(40, 103, 'CS 174'),
(41, 103, 'CS 174'),
(42, 103, 'CS 174'),
(43, 103, 'CS 174'),
(44, 78, 'CS 174'),
(45, 78, 'CS 174'),
(46, 78, 'CS 174'),
(47, 78, 'CS 174'),
(48, 78, 'CS 174'),
(49, 78, 'CS 174'),
(50, 78, 'CS 174'),
(51, 78, 'CS 174'),
(52, 78, 'CS 243'),
(53, 78, 'CS 243'),
(54, 78, 'CS 243'),
(55, 78, 'CS 243'),
(56, 78, 'CS 243'),
(57, 78, 'CS 243'),
(58, 78, 'CS 243'),
(59, 78, 'CS 243'),
(60, 78, 'CS 243'),
(61, 78, 'CS 243'),
(62, 78, 'CS 243'),
(63, 78, 'CS 243'),
(64, 78, 'CS 243'),
(65, 78, 'CS 243'),
(66, 78, 'CS 243'),
(67, 78, 'CS 243'),
(68, 78, 'CS 243'),
(69, 78, 'CS 243'),
(70, 78, 'CS 243'),
(71, 78, 'CS 243'),
(72, 78, 'CS 243'),
(73, 78, 'CS 243'),
(74, 78, 'CS 243'),
(75, 78, 'CS 243'),
(76, 78, 'CS 243'),
(77, 78, 'CS 243'),
(78, 78, 'CS 243'),
(79, 78, 'CS 243'),
(80, 78, 'CS 243'),
(81, 78, 'CS 243'),
(82, 78, 'CS 243'),
(83, 80, 'CS 334'),
(84, 80, 'CS 334'),
(85, 80, 'CS 334'),
(86, 80, 'CS 334'),
(87, 80, 'CS 334'),
(88, 80, 'CS 334'),
(89, 80, 'CS 334'),
(90, 80, 'CS 334'),
(91, 80, 'CS 174'),
(92, 80, 'CS 334'),
(93, 80, 'CS 334'),
(94, 80, 'CS 334'),
(95, 80, 'CS 334'),
(96, 80, 'CS 334'),
(97, 80, 'CS 334'),
(98, 80, 'CS 334'),
(99, 80, 'CS 334'),
(100, 80, 'CS 334'),
(101, 80, 'CS 334'),
(102, 80, 'CS 334'),
(103, 80, 'CS 334'),
(104, 80, 'CS 334'),
(105, 83, 'CS 354'),
(106, 83, 'CS 354'),
(107, 83, 'CS 354'),
(108, 83, 'CS 354'),
(109, 83, 'CS 354'),
(110, 83, 'CS 354'),
(111, 83, 'CS 354'),
(112, 83, 'CS 354'),
(113, 83, 'CS 354'),
(114, 83, 'CS 354'),
(115, 83, 'CS 354'),
(116, 83, 'DS 113'),
(117, 101, 'DS 113'),
(118, 101, 'DS 113'),
(119, 101, 'DS 113'),
(120, 101, 'DS 113'),
(121, 101, 'DS 113'),
(122, 101, 'DS 113'),
(123, 101, 'DS 113'),
(124, 101, 'DS 113'),
(125, 101, 'DS 113'),
(126, 101, 'DS 113'),
(127, 101, 'DS 113'),
(128, 101, 'DS 113'),
(129, 101, 'DS 113'),
(130, 101, 'DS 113'),
(131, 101, 'DS 113'),
(132, 101, 'DS 113'),
(133, 101, 'DS 113'),
(134, 101, 'DS 113'),
(135, 101, 'DS 113'),
(136, 101, 'DS 113'),
(137, 101, 'DS 113'),
(138, 101, 'IS 158'),
(139, 101, 'IS 158'),
(140, 101, 'IS 158'),
(141, 101, 'IS 158'),
(142, 101, 'IS 158'),
(143, 101, 'IS 158'),
(144, 101, 'IS 158'),
(145, 101, 'IS 158'),
(146, 101, 'IS 158'),
(147, 101, 'IS 158'),
(148, 101, 'IS 158'),
(149, 101, 'IS 158'),
(150, 101, 'IS 158'),
(151, 101, 'IS 181'),
(152, 101, 'IS 181'),
(153, 101, 'IS 181'),
(154, 101, 'IS 181'),
(155, 101, 'IS 181'),
(156, 101, 'IS 181'),
(157, 101, 'IS 181'),
(158, 101, 'IS 181'),
(159, 101, 'IS 181'),
(160, 101, 'IS 181'),
(161, 101, 'IS 181'),
(162, 101, 'IS 181'),
(163, 101, 'IS 181'),
(164, 101, 'IS 181'),
(165, 101, 'IS 181'),
(166, 101, 'IS 181'),
(167, 101, 'IS 181'),
(168, 101, 'IS 181'),
(169, 101, 'IS 181'),
(170, 3, 'CS 151'),
(171, 201, 'MK 301'),
(172, 201, 'MK 301'),
(173, 201, 'MK 301'),
(174, 201, 'MK 301'),
(175, 201, 'MK 301'),
(176, 201, 'MK 301'),
(177, 201, 'MK 301'),
(178, 201, 'MK 301'),
(179, 201, 'MK 301'),
(180, 201, 'MK 301'),
(181, 201, 'MK 301'),
(182, 201, 'MK 301'),
(183, 201, 'MK 301'),
(184, 201, 'MK 301'),
(185, 201, 'MK 301'),
(186, 201, 'MK 301'),
(187, 201, 'MK 301'),
(188, 201, 'MK 301'),
(189, 201, 'MK 301'),
(190, 205, 'CS 252'),
(191, 205, 'CS 252'),
(192, 205, 'CS 252'),
(193, 205, 'CS 252'),
(194, 205, 'CS 252'),
(195, 205, 'CS 252'),
(196, 205, 'CS 252'),
(197, 205, 'CS 252'),
(198, 205, 'CS 252'),
(199, 205, 'CS 252'),
(200, 205, 'CS 252'),
(201, 205, 'CS 252'),
(202, 205, 'CS 252'),
(203, 205, 'CS 252'),
(204, 205, 'CS 252'),
(205, 205, 'CS 252'),
(206, 205, 'CS 252'),
(207, 205, 'CS 252'),
(208, 205, 'CS 252'),
(209, 205, 'CS 252'),
(210, 205, 'CS 252'),
(211, 205, 'CS 252'),
(212, 205, 'CS 252'),
(213, 205, 'CS 252'),
(214, 205, 'CS 252'),
(215, 205, 'CS 252'),
(216, 205, 'CS 252'),
(217, 205, 'CS 252'),
(218, 205, 'CS 252'),
(219, 205, 'CS 252'),
(220, 205, 'CS 252'),
(221, 205, 'CS 335'),
(222, 205, 'CS 335'),
(223, 205, 'CS 335'),
(224, 205, 'CS 335'),
(225, 205, 'CS 335'),
(226, 205, 'CS 335'),
(227, 205, 'CS 335'),
(228, 205, 'CS 335'),
(229, 205, 'CS 335'),
(230, 205, 'CS 335'),
(231, 205, 'CS 335'),
(232, 205, 'CS 335'),
(233, 205, 'CS 335'),
(234, 205, 'CS 335'),
(235, 91, 'CS 356'),
(236, 91, 'CS 356'),
(237, 91, 'CS 356'),
(238, 91, 'CS 356'),
(239, 91, 'CS 356'),
(240, 91, 'CS 356'),
(241, 91, 'CS 356'),
(242, 91, 'CS 356'),
(243, 91, 'CS 356'),
(244, 91, 'CS 356'),
(245, 91, 'CS 356'),
(246, 91, 'CS 356'),
(247, 91, 'CS 356'),
(248, 91, 'CS 356'),
(249, 91, 'CS 356'),
(250, 91, 'CS 356'),
(251, 91, 'CS 356'),
(252, 91, 'CS 356'),
(253, 91, 'GM 300'),
(254, 91, 'GM 300'),
(255, 91, 'GM 300'),
(256, 91, 'GM 300'),
(257, 91, 'GM 300'),
(258, 91, 'GM 300'),
(259, 91, 'GM 300'),
(260, 91, 'GM 300'),
(261, 91, 'GM 300'),
(262, 91, 'GM 300'),
(263, 91, 'GM 300'),
(264, 91, 'GM 300'),
(265, 91, 'GM 300'),
(266, 91, 'GM 300'),
(267, 91, 'GM 300'),
(268, 91, 'GM 300'),
(269, 91, 'GM 300'),
(270, 91, 'GM 300'),
(271, 91, 'GM 300'),
(272, 91, 'GM 300'),
(273, 91, 'GM 300'),
(274, 91, 'GM 300'),
(275, 91, 'GM 300'),
(276, 91, 'GM 300'),
(277, 3, 'CS 323'),
(278, 3, 'CS 323'),
(279, 3, 'CS 323'),
(280, 3, 'CS 323'),
(281, 3, 'CS 323'),
(282, 3, 'CS 323'),
(283, 3, 'CS 323'),
(284, 3, 'CS 323'),
(285, 3, 'CS 323'),
(286, 3, 'CS 323'),
(287, 3, 'CS 323'),
(288, 3, 'CS 323'),
(289, 3, 'CS 323'),
(290, 3, 'CS 323'),
(291, 3, 'CS 323'),
(292, 3, 'CS 323'),
(293, 3, 'CS 323'),
(294, 3, 'CS 323'),
(295, 3, 'CS 323'),
(296, 3, 'CS 323'),
(297, 3, 'CS 323'),
(298, 3, 'CS 323'),
(299, 3, 'CS 323'),
(300, 3, 'CS 348'),
(301, 3, 'CS 348'),
(302, 3, 'CS 348'),
(303, 3, 'CS 348'),
(304, 3, 'CS 348'),
(305, 3, 'CS 348'),
(306, 3, 'CS 348'),
(307, 3, 'CS 348'),
(308, 3, 'CS 348'),
(309, 3, 'CS 348'),
(310, 3, 'CS 348'),
(311, 3, 'CS 348'),
(312, 3, 'CS 348'),
(313, 3, 'CS 348'),
(314, 3, 'CS 348'),
(315, 3, 'CS 348'),
(316, 3, 'CS 348'),
(317, 3, 'CS 348'),
(318, 3, 'CS 348'),
(319, 3, 'CS 348'),
(320, 3, 'CS 348'),
(321, 3, 'CS 348'),
(322, 3, 'CS 348'),
(323, 3, 'CS 348'),
(324, 27, 'IE 445'),
(325, 27, 'IE 445'),
(326, 27, 'IE 445'),
(327, 27, 'IE 445'),
(328, 27, 'IE 445'),
(329, 27, 'IE 445'),
(330, 27, 'IE 445'),
(331, 27, 'IE 445'),
(332, 27, 'IE 445'),
(333, 27, 'IE 445'),
(334, 27, 'IE 445'),
(335, 27, 'IE 445'),
(336, 27, 'IE 445'),
(337, 27, 'IE 445'),
(338, 27, 'IE 445'),
(339, 27, 'IE 445'),
(340, 27, 'IE 445'),
(341, 27, 'IE 445'),
(342, 27, 'IE 445'),
(343, 27, 'IE 445'),
(344, 27, 'IE 445'),
(345, 91, 'IS 158'),
(346, 91, 'MK 301'),
(347, 91, 'MK 301'),
(348, 91, 'MK 301'),
(349, 91, 'CS 354'),
(350, 91, 'MK 301'),
(351, 91, 'MK 301'),
(352, 91, 'MK 301'),
(353, 91, 'MK 301'),
(354, 91, 'MK 301'),
(355, 20, 'GM 300'),
(356, 91, 'CS 354'),
(357, 91, 'MK 301'),
(358, 91, 'MK 301'),
(359, 91, 'MK 301'),
(360, 91, 'MK 301'),
(361, 91, 'MK 301'),
(362, 91, 'MK 301'),
(363, 91, 'MK 301'),
(364, 91, 'MK 301'),
(365, 91, 'MK 301'),
(366, 91, 'MK 301'),
(367, 91, 'MK 301'),
(368, 91, 'MK 301'),
(369, 91, 'MK 301'),
(370, 91, 'MK 301'),
(371, 91, 'MK 301'),
(372, 91, 'MK 301'),
(373, 91, 'MK 301'),
(374, 91, 'CS 354'),
(375, 91, 'MK 301'),
(376, 91, 'CS 334'),
(377, 91, 'MK 301'),
(378, 91, 'MK 301'),
(379, 91, 'MK 301'),
(380, 91, 'MK 301'),
(381, 91, 'MK 301'),
(382, 91, 'MK 301'),
(383, 91, 'MK 301'),
(384, 91, 'MK 301'),
(385, 91, 'MK 301'),
(386, 91, 'MK 301'),
(387, 91, 'MK 301'),
(388, 91, 'MK 301'),
(389, 91, 'MK 301'),
(390, 91, 'CS 354'),
(391, 13, 'GM 300'),
(392, 13, 'CS 335'),
(393, 13, 'CS 348'),
(394, 91, 'CS 335'),
(395, 91, 'CS 335'),
(396, 15, 'GM 300'),
(397, 9, 'CS 356'),
(398, 12, 'GM 300'),
(399, 28, 'CS 354'),
(400, 28, 'CS 354'),
(401, 28, 'IE 445'),
(402, 28, 'CS 348'),
(403, 28, 'CS 348'),
(404, 28, 'CS 334'),
(405, 28, 'CS 323'),
(406, 28, 'CS 323'),
(407, 27, 'MK 301'),
(408, 27, 'MK 301'),
(409, 27, 'MK 301'),
(410, 27, 'CS 348'),
(411, 27, 'CS 348'),
(412, 27, 'CS 354'),
(413, 27, 'CS 354'),
(414, 27, 'CS 334'),
(415, 22, 'CS 323'),
(416, 22, 'CS 323'),
(417, 22, 'CS 323'),
(418, 22, 'GM 300'),
(419, 22, 'CS 348'),
(420, 22, 'CS 335'),
(421, 32, 'CS 348'),
(422, 35, 'CS 323'),
(423, 35, 'MK 301'),
(424, 59, 'IE 445'),
(425, 35, 'IE 445');

-- --------------------------------------------------------

--
-- Table structure for table `venue`
--

CREATE TABLE `venue` (
  `id` int(11) NOT NULL,
  `venue` varchar(23) NOT NULL,
  `venue_capacity` int(5) NOT NULL
) ENGINE=InnoDB DEFAULT CHARSET=utf8mb4;

--
-- Dumping data for table `venue`
--

INSERT INTO `venue` (`id`, `venue`, `venue_capacity`) VALUES
(1, 'D01', 300),
(2, 'B302', 200),
(3, 'B307', 100),
(4, 'B310', 200);

--
-- Indexes for dumped tables
--

--
-- Indexes for table `alumni`
--
ALTER TABLE `alumni`
  ADD PRIMARY KEY (`id`);

--
-- Indexes for table `courses`
--
ALTER TABLE `courses`
  ADD PRIMARY KEY (`course_code`,`study_year`);

--
-- Indexes for table `course_allocation`
--
ALTER TABLE `course_allocation`
  ADD PRIMARY KEY (`id`);

--
-- Indexes for table `evaluation_questions`
--
ALTER TABLE `evaluation_questions`
  ADD PRIMARY KEY (`id`);

--
-- Indexes for table `programme`
--
ALTER TABLE `programme`
  ADD PRIMARY KEY (`id`);

--
-- Indexes for table `programme_course`
--
ALTER TABLE `programme_course`
  ADD PRIMARY KEY (`id`),
  ADD KEY `id_programme` (`id_programme`),
  ADD KEY `course_code` (`course_code`);

--
-- Indexes for table `role`
--
ALTER TABLE `role`
  ADD PRIMARY KEY (`id`);

--
-- Indexes for table `student`
--
ALTER TABLE `student`
  ADD PRIMARY KEY (`id`);

--
-- Indexes for table `users`
--
ALTER TABLE `users`
  ADD PRIMARY KEY (`id`);

--
-- Indexes for table `user_response`
--
ALTER TABLE `user_response`
  ADD PRIMARY KEY (`id`),
  ADD KEY `user_id` (`user_id`),
  ADD KEY `course_code` (`course_code`);

--
-- AUTO_INCREMENT for dumped tables
--

--
-- AUTO_INCREMENT for table `alumni`
--
ALTER TABLE `alumni`
<<<<<<< HEAD
  MODIFY `id` int(11) NOT NULL AUTO_INCREMENT, AUTO_INCREMENT=191;
=======
  MODIFY `id` int(11) NOT NULL AUTO_INCREMENT, AUTO_INCREMENT=180;
>>>>>>> 451428085544f36047bc8861f7aef3ea979d9afa

--
-- AUTO_INCREMENT for table `course_allocation`
--
ALTER TABLE `course_allocation`
  MODIFY `id` int(11) NOT NULL AUTO_INCREMENT, AUTO_INCREMENT=28;

--
-- AUTO_INCREMENT for table `evaluation_questions`
--
ALTER TABLE `evaluation_questions`
  MODIFY `id` int(11) NOT NULL AUTO_INCREMENT, AUTO_INCREMENT=428;

--
-- AUTO_INCREMENT for table `programme`
--
ALTER TABLE `programme`
  MODIFY `id` int(11) NOT NULL AUTO_INCREMENT, AUTO_INCREMENT=4;

--
-- AUTO_INCREMENT for table `programme_course`
--
ALTER TABLE `programme_course`
  MODIFY `id` int(11) NOT NULL AUTO_INCREMENT, AUTO_INCREMENT=71;

--
-- AUTO_INCREMENT for table `role`
--
ALTER TABLE `role`
  MODIFY `id` int(10) UNSIGNED NOT NULL AUTO_INCREMENT, AUTO_INCREMENT=5;

--
-- AUTO_INCREMENT for table `student`
--
ALTER TABLE `student`
  MODIFY `id` int(11) NOT NULL AUTO_INCREMENT, AUTO_INCREMENT=26;

--
-- AUTO_INCREMENT for table `users`
--
ALTER TABLE `users`
  MODIFY `id` int(5) NOT NULL AUTO_INCREMENT, AUTO_INCREMENT=301;

--
-- AUTO_INCREMENT for table `user_response`
--
ALTER TABLE `user_response`
  MODIFY `id` int(11) NOT NULL AUTO_INCREMENT, AUTO_INCREMENT=426;

--
-- Constraints for dumped tables
--

--
-- Constraints for table `programme_course`
--
ALTER TABLE `programme_course`
  ADD CONSTRAINT `programme_course_ibfk_1` FOREIGN KEY (`id_programme`) REFERENCES `programme` (`id`),
  ADD CONSTRAINT `programme_course_ibfk_2` FOREIGN KEY (`course_code`) REFERENCES `courses` (`course_code`);

DELIMITER $$
--
-- Events
--
CREATE DEFINER=`root`@`localhost` EVENT `insert on alumni` ON SCHEDULE EVERY 5 MINUTE STARTS '2022-06-28 13:44:52' ON COMPLETION NOT PRESERVE ENABLE DO INSERT INTO alumni(Name,sex,programme,year_completed,email,contact) SELECT Name,sex,programme,year,email,contact FROM student WHERE status='graduated'$$

DELIMITER ;
COMMIT;

/*!40101 SET CHARACTER_SET_CLIENT=@OLD_CHARACTER_SET_CLIENT */;
/*!40101 SET CHARACTER_SET_RESULTS=@OLD_CHARACTER_SET_RESULTS */;
/*!40101 SET COLLATION_CONNECTION=@OLD_COLLATION_CONNECTION */;
