-- phpMyAdmin SQL Dump
-- version 5.1.1
-- https://www.phpmyadmin.net/
--
-- Host: 127.0.0.1
-- Generation Time: Jun 14, 2022 at 03:27 PM
-- Server version: 10.4.21-MariaDB
-- PHP Version: 7.4.24

SET SQL_MODE = "NO_AUTO_VALUE_ON_ZERO";
START TRANSACTION;
SET time_zone = "+00:00";


/*!40101 SET @OLD_CHARACTER_SET_CLIENT=@@CHARACTER_SET_CLIENT */;
/*!40101 SET @OLD_CHARACTER_SET_RESULTS=@@CHARACTER_SET_RESULTS */;
/*!40101 SET @OLD_COLLATION_CONNECTION=@@COLLATION_CONNECTION */;
/*!40101 SET NAMES utf8mb4 */;

--
-- Database: `coict_digital`
--

-- --------------------------------------------------------

--
-- Table structure for table `alumni`
--

CREATE TABLE `alumni` (
  `alumni_name` varchar(100) NOT NULL,
  `programme` varchar(100) NOT NULL,
  `year_completed` int(11) NOT NULL,
  `gpa` varchar(4) NOT NULL,
  `email` varchar(100) NOT NULL,
  `contact` varchar(100) NOT NULL,
  `employer` varchar(100) NOT NULL
) ENGINE=InnoDB DEFAULT CHARSET=utf8mb4;

--
-- Dumping data for table `alumni`
--

INSERT INTO `alumni` (`alumni_name`, `programme`, `year_completed`, `gpa`, `email`, `contact`, `employer`) VALUES
('Zizima, Frank Y', 'BSC IN BIT', 2022, '4.3', 'zizimayotham669@gmail.com', '0785248794', 'UDSM');

-- --------------------------------------------------------

--
-- Table structure for table `courses`
--

CREATE TABLE `courses` (
  `course_code` varchar(200) NOT NULL,
  `study_year` int(11) NOT NULL,
  `course_title` varchar(200) NOT NULL,
  `instructor` varchar(200) DEFAULT NULL,
  `venue` varchar(200) DEFAULT NULL,
  `class_size` int(11) NOT NULL DEFAULT 0,
  `department` varchar(200) DEFAULT NULL,
  `college` varchar(200) DEFAULT NULL,
  `date` datetime NOT NULL DEFAULT current_timestamp(),
  `assistant` varchar(100) DEFAULT NULL,
  `semester` int(11) DEFAULT NULL
) ENGINE=InnoDB DEFAULT CHARSET=utf8mb4;

--
-- Dumping data for table `courses`
--

INSERT INTO `courses` (`course_code`, `study_year`, `course_title`, `instructor`, `venue`, `class_size`, `department`, `college`, `date`, `assistant`, `semester`) VALUES
('CL 111', 1, 'COMMUNICATION SKILLS FOR ENGINEERS', 'DR FATMA', 'YOMBO 4', 350, 'CSE', 'COICT', '2022-06-07 14:41:15', '', 1),
('CS 151', 1, 'COMPUTER ORGANISATION I', 'DR. MERCY MBISE', 'D01', 250, 'CSE', 'COICT', '2022-06-07 14:41:15', NULL, 1),
('CS 173', 1, 'BUSINESS COMPUTER COMMUNICATIONS', 'DR MIRIAM', 'D 01', 350, 'CSE', 'COICT', '2022-06-07 14:47:10', '', 2),
('CS 174', 1, 'PROGRAMMING IN C', 'Dr. KENNEDY', 'DO1', 350, 'CSE', 'COICT', '2022-06-07 14:41:15', NULL, 1),
('CS 175', 1, 'PROGRAMMING IN JAVA', 'DR. MERCY MBISE', 'D01', 250, 'CSE', 'COICT', '2022-06-07 14:47:10', NULL, 2),
('CS 234', 2, 'OBJECT ORIENTED PROGRAMMING IN JAVA', 'DR JUMA LUNGO', 'B310', 350, 'CSE', 'COICT', '2022-06-07 14:32:27', '', 2),
('CS 243', 2, 'COMPUTER NETWORK AND DESIGN', 'DR ZEDEKIA', 'C1/C2', 78, 'CSE', 'COICT', '2022-06-07 14:26:42', '', 1),
('CS 252', 2, 'COMPUTER ORGANIZATION AND ARCHITECTURE II', 'DR. ELLEN', 'D01', 270, 'CSE', 'COICT', '2022-06-07 14:32:27', NULL, 2),
('CS 323', 3, 'CONTROL SYSTEMS ENGINEERING', 'DR. MERINA', 'B307', 105, 'CSE', 'COICT', '0000-00-00 00:00:00', NULL, 2),
('CS 334', 3, 'PRINCIPLES OF OPERATING SYSTEM', 'DR. FATUMA SIMBA', 'B307', 244, 'CSE', 'COICT', '2022-06-07 14:07:50', NULL, 1),
('CS 335', 3, 'SOFTWARE ENGINEERING', 'Dr. JUMA H. LUNGO', 'DO1', 269, 'CSE', 'COICT', '2022-06-07 14:07:50', NULL, 1),
('CS 348', 3, 'NETWORK SWITCHING AND ROUTING', 'DR. YONA', 'B307', 105, 'CSE', 'COICT', '0000-00-00 00:00:00', NULL, 2),
('CS 354', 3, 'MICROCOMPUTER SYSTEMS II', 'DR. BAGILE', 'B305', 65, 'CSE', 'COICT', '0000-00-00 00:00:00', NULL, 2),
('CS 356', 3, 'EMBEDDED SYSTEMS', 'DR. DAUDI', 'B302', 57, 'CSE', 'COICT', '0000-00-00 00:00:00', NULL, 2),
('DS 112', 1, 'DEVELOPMENT PERSPECTIVES I', 'Dr. MIRIAM', 'YOMBO5', 350, 'CSE', 'COICT', '2022-06-07 14:41:15', NULL, 1),
('DS 113', 1, 'DEVELOPMENT PERSPECTIVES II', 'Dr. MLAY', 'YOMBO 5', 350, 'CSE', 'COICT', '2022-06-07 14:47:10', NULL, 2),
('GM 300', 3, 'STRATEGIC MANAGEMENT', 'Dr. WINFRIDA', 'YOMBO5', 350, 'CSE', 'COICT', '2022-06-07 14:07:50', NULL, 1),
('IE 445', 3, 'ENTREPRENEURSHIP FOR ENGINEERS', 'DR TAIFA', 'YOMBO 5', 244, 'CSE', 'COICT', '2022-06-02 09:56:45', NULL, 2),
('IS 143', 1, 'DISCRETE STRUCTURES', 'Dr. MIRIAM', 'B310', 78, 'CSE', 'COICT', '2022-06-07 14:47:10', NULL, 2),
('IS 158', 1, 'COMPUTER HARDWARE AND SYSTEM MAINTENANCE', 'DR ISMAIL BRIAN', 'B302', 78, 'CSE', 'COICT', '2022-06-07 14:47:10', NULL, 2),
('IS 162', 1, 'INTRODUCTION TO INFORMATION SYSTEMS', 'DR ISMAIL BRIAN', 'B302', 78, 'CSE', 'COICT', '2022-06-07 14:41:15', NULL, 1),
('IS 171', 1, 'INTRODUCTION TO COMPUTER NETWORKS', 'DR MERCY MBISE', 'D01', 350, 'CSE', 'COICT', '2022-06-07 14:47:10', NULL, 2),
('IS 181', 1, 'WEB PROGRAMMING', 'DR KENNEDY', 'D01', 150, 'CSE', 'COICT', '2022-06-07 14:47:10', NULL, 2),
('IS 236', 2, 'STRUCTURED SYSTEM ANALYSIS AND DESIGN', 'Dr. SALOME MARO', 'DO1', 350, 'CSE', 'COICT', '2022-06-07 14:32:27', NULL, 2),
('IS 237', 2, 'DATA ABSTRACTION AND ALGORITHMS', 'DR. GODFREY JUSTO', 'B307', 78, 'CSE', 'COICT', '2022-06-07 14:26:42', NULL, 1),
('IS 238', 2, 'MOBILE APPLICATION DEVELOPMENT', 'Dr. KENNEDY', 'DO1', 78, 'CSE', 'COICT', '2022-06-07 14:26:42', NULL, 1),
('IS 239', 2, 'ALGORITHMS AND COMPLEXITY', 'Dr. GODFREY JUSTO', 'B310', 78, 'CSE', 'COICT', '2022-06-07 14:32:27', NULL, 2),
('IS 243', 2, 'PRACTICAL TRAINING I', 'Dr. GODFREY JUSTO', 'YOMBO5', 350, 'CSE', 'COICT', '2022-06-07 14:26:42', NULL, 1),
('IS 246', 2, 'PRINCIPLES OF COMPUTER GRAPHICS', 'DR CHAMBUA', 'YOMBO 5', 78, 'CSE', 'COICT', '2022-06-07 14:26:42', NULL, 1),
('IS 264', 2, 'PRINCIPLES OF DATABASE SYSTEMS', 'DR HENRY KALISTI', 'COICT', 150, 'CSE', 'COICT', '2022-06-07 14:26:42', NULL, 1),
('IS 274', 2, 'OBJECT ORIENTED ANALYSIS AND DESIGN', 'DR ELLEN', 'B302', 350, 'CSE', 'COICT', '2022-06-07 14:26:42', NULL, 1),
('IS 283', 2, 'WEB SERVICES AND TECHNOLOGIES', 'DR HENRY KALISTI', 'B308', 150, 'CSE', 'COICT', '2022-06-07 14:32:27', NULL, 2),
('IS 335', 3, 'FYP', 'DR COSMAS MUSHI', 'COICT', 244, 'CSE', 'COICT', '2022-06-02 09:56:45', NULL, 2),
('IS 336', 3, 'PRINCIPLE OF SYSTEM SECURITY', 'DR HELLEN MAZIKU', 'B302', 244, 'CSE', 'COICT', '2022-06-02 09:56:45', NULL, 2),
('IS 337', 3, 'MOBILE COMPUTING', 'DR JIMMY MBELWA', 'B 305', 244, 'CSE', 'COICT', '2022-06-02 09:56:45', NULL, 2),
('IS 343', 3, 'PRACTICAL TRAINING 2', 'DR. GODFREY JUSTO', 'B302', 415, 'CSE', 'COICT', '2022-06-07 14:07:50', NULL, 1),
('IS 344', 3, 'HUMAN COMPUTER INTERACTION', 'DR. JOSEPH MUSHI', 'B310', 244, 'CSE', 'COICT', '2022-06-07 14:07:50', NULL, 1),
('IS 365', 3, 'ARTIFICIAL INTELLIGENCE', 'DR CHAMBUA', 'B305', 244, 'CSE', 'COICT', '2022-06-02 09:56:45', NULL, 2),
('IS 367', 0, 'MANAGEMENT OF INFORMATION SYSTEMS', 'Dr. HONEST KIMARO', 'DO1', 78, 'CSE', 'COICT', '2022-06-07 14:15:15', NULL, 1),
('IS 368', 3, 'DATA MINING AND WAREHOUSING', 'DR KENNEDY', 'B307', 244, 'CSE', 'COICT', '2022-06-02 09:56:45', NULL, 2),
('IS 369', 3, 'IT AUDIT AND CONTROLS', 'Dr. ARON R. KONDORO', 'B305', 108, 'CSE', 'COICT', '2022-06-07 14:07:50', NULL, 1),
('IS 371', 0, 'SYSTEM ADMINISTRATION IN LINUX', 'DR. JIMMY MBELWA', 'B307', 150, 'CSE', 'COICT', '2022-06-07 14:15:15', NULL, 1),
('IS 384', 3, 'SOFTWARE PROJECT MANAGEMENT', 'DR MATHEW MNDEME', 'B307', 35, 'CSE', 'COICT', '2022-06-02 09:56:45', '', 2),
('IS 385', 3, 'BUSINESS INTELLIGENCE', 'DR GODFREY N. JUSTO', 'B307', 35, 'CSE', 'COICT', '2022-06-02 09:56:45', '', 2),
('IS 386', 3, 'ENTERPRISE SYSTEMS', 'DR HONEST C. KIMARO', 'B 307', 35, 'CSE', 'COICT', '2022-06-02 09:56:45', '', 2),
('IS 387', 3, 'ENVIRONMENTAL MANAGEMENT INFORMATION SYSTEM', 'Dr. WILFRED SENYONI', 'B307', 35, 'CSE', 'COICT', '2022-06-07 14:07:50', NULL, 1),
('MK 301', 3, 'ENTREPRENEURSHIP', 'DR WINNIE NGUNI', 'YOMBO 5', 35, 'CSE', 'COICT', '2022-06-08 13:32:38', NULL, 2),
('MT 100', 1, 'FOUNDATIONS OF ANALYSIS', 'DR MLAY', 'YOMBO 2', 350, 'CSE', 'COICT', '2022-06-07 14:41:15', NULL, 1),
('MT 249', 2, 'MATHEMATICAL LOGIC AND FORMAL SEMANTICS', 'DR HENRY KALISTI', 'COICT', 150, 'CSE', 'COICT', '2022-06-07 14:32:27', NULL, 2),
('TE 339', 3, 'TELECOMMUNICATION SWITCHING AND TRANSMISSION', 'DR. NAIMAN', 'B310', 105, 'CSE', 'COICT', '0000-00-00 00:00:00', NULL, 2);

-- --------------------------------------------------------

--
-- Table structure for table `evaluation_questions`
--

CREATE TABLE `evaluation_questions` (
  `course_code` varchar(200) DEFAULT NULL,
  `1` varchar(200) NOT NULL,
  `2` varchar(200) NOT NULL,
  `3` varchar(200) NOT NULL,
  `4` varchar(200) NOT NULL,
  `5` varchar(200) NOT NULL,
  `6` varchar(200) NOT NULL,
  `7` varchar(200) NOT NULL,
  `8` varchar(200) NOT NULL,
  `9` varchar(200) NOT NULL,
  `10` varchar(200) NOT NULL,
  `11` varchar(200) NOT NULL,
  `12` varchar(200) NOT NULL,
  `13` varchar(200) NOT NULL,
  `14` varchar(200) NOT NULL,
  `15` varchar(200) NOT NULL,
  `16` varchar(200) NOT NULL,
  `17` varchar(200) NOT NULL,
  `18` varchar(200) NOT NULL,
  `19` varchar(200) NOT NULL,
  `harassment_explanation` varchar(200) DEFAULT NULL,
  `id` int(11) NOT NULL,
  `date` datetime DEFAULT current_timestamp()
) ENGINE=InnoDB DEFAULT CHARSET=utf8mb4;

--
-- Dumping data for table `evaluation_questions`
--

INSERT INTO `evaluation_questions` (`course_code`, `1`, `2`, `3`, `4`, `5`, `6`, `7`, `8`, `9`, `10`, `11`, `12`, `13`, `14`, `15`, `16`, `17`, `18`, `19`, `harassment_explanation`, `id`, `date`) VALUES
('MT 100', '1', '1', '1', '1', '1', '1', '1', '1', '1', '1', '1', '1', '1', '1', '1', '1', '1', '1', '1', '', 1, '2022-06-07 16:48:04'),
('MT 100', '1', '1', '1', '1', '1', '1', '1', '1', '1', '1', '1', '1', '1', '1', '1', '1', '1', '1', '1', '', 2, '2022-06-07 16:48:21'),
('MT 100', '1', '1', '1', '1', '1', '1', '1', '1', '1', '1', '1', '1', '1', '1', '1', '1', '1', '1', '1', '', 3, '2022-06-07 17:19:20'),
('CL 111', '1', '1', '1', '1', '1', '1', '1', '1', '1', '1', '1', '1', '1', '1', '1', '1', '1', '1', '1', '', 4, '2022-06-07 17:56:34'),
('CL 111', '1', '1', '1', '1', '1', '1', '1', '1', '1', '1', '2', '1', '1', '1', '1', '1', '1', '1', '1', 'because', 5, '2022-06-07 17:59:30'),
('CS 174', '2', '2', '2', '2', '2', '2', '2', '2', '2', '2', '2', '2', '2', '2', '2', '2', '2', '2', '2', ' ckmdkclz xjiaj!!!!!!', 6, '2022-06-07 18:01:07'),
('CL 111', '3', '2', '1', '1', '2', '5', '1', '5', '4', '2', '1', '4', '5', '2', '1', '1', '5', '4', '5', 'Asperiores itaque in', 7, '2022-06-08 14:55:51'),
('CL 111', '5', '1', '2', '4', '5', '4', '4', '1', '4', '2', '1', '1', '5', '5', '1', '5', '5', '5', '5', 'Doloribus ipsum cupi', 8, '2022-06-08 14:56:09'),
('CL 111', '1', '3', '2', '4', '4', '4', '3', '5', '2', '5', '2', '2', '3', '2', '5', '4', '4', '3', '4', 'Velit sint quia ea n', 9, '2022-06-08 14:56:33'),
('CL 111', '5', '5', '1', '5', '5', '4', '2', '2', '5', '4', '1', '1', '2', '5', '3', '1', '3', '2', '2', 'Dolor cupidatat impe', 10, '2022-06-08 14:56:51'),
('CL 111', '4', '2', '1', '1', '2', '4', '4', '4', '4', '3', '2', '3', '5', '5', '2', '5', '5', '3', '4', 'Quia do iure eius no', 11, '2022-06-08 14:57:58'),
('CL 111', '3', '5', '5', '3', '1', '4', '1', '3', '5', '1', '2', '2', '2', '3', '3', '4', '5', '4', '3', 'Quia fuga Officia c', 12, '2022-06-08 14:58:17'),
('CL 111', '1', '5', '2', '3', '5', '3', '4', '5', '5', '3', '2', '5', '1', '5', '4', '2', '2', '5', '1', 'Dolor eum nisi tempo', 13, '2022-06-08 14:58:37'),
('CL 111', '3', '3', '5', '4', '3', '2', '2', '1', '1', '1', '2', '1', '2', '3', '5', '4', '1', '4', '2', 'Cillum fugit volupt', 14, '2022-06-08 14:58:52'),
('CL 111', '1', '1', '4', '1', '5', '4', '2', '5', '1', '1', '1', '4', '4', '2', '1', '2', '1', '3', '3', '', 15, '2022-06-08 14:59:22'),
('CL 111', '2', '2', '1', '4', '1', '2', '5', '1', '1', '5', '2', '1', '5', '3', '1', '2', '1', '2', '2', 'Et aut labore optio', 16, '2022-06-08 14:59:37'),
('CL 111', '5', '3', '3', '5', '5', '4', '4', '4', '3', '2', '2', '3', '5', '4', '1', '2', '2', '3', '3', 'Minim minim vel volu', 17, '2022-06-08 15:00:00'),
('CL 111', '5', '1', '4', '5', '1', '1', '2', '4', '2', '5', '1', '3', '2', '3', '4', '5', '1', '3', '3', '', 18, '2022-06-08 15:00:24'),
('CL 111', '1', '2', '5', '4', '4', '4', '5', '2', '5', '5', '2', '1', '5', '5', '1', '3', '4', '2', '5', 'Commodi illum dolor', 19, '2022-06-08 15:01:00'),
('CS 354', '4', '5', '5', '1', '2', '2', '2', '3', '5', '3', '2', '2', '5', '3', '2', '5', '3', '2', '3', 'Anim ratione qui sit', 20, '2022-06-08 15:01:18'),
('CL 111', '3', '4', '3', '1', '5', '4', '2', '4', '3', '3', '2', '1', '5', '1', '2', '3', '4', '3', '5', 'Corporis aliquam sap', 21, '2022-06-08 15:01:35'),
('CL 111', '2', '4', '2', '2', '4', '4', '5', '5', '2', '3', '2', '4', '3', '3', '2', '4', '1', '3', '4', 'Asperiores saepe con', 22, '2022-06-08 15:01:58'),
('CL 111', '3', '5', '4', '2', '1', '5', '2', '3', '4', '5', '1', '5', '4', '3', '4', '1', '3', '3', '2', '', 23, '2022-06-08 15:02:26'),
('CL 111', '3', '5', '5', '2', '5', '5', '1', '1', '3', '4', '2', '5', '4', '2', '2', '2', '3', '2', '3', 'Sed rerum possimus ', 24, '2022-06-08 15:03:02'),
('CL 111', '1', '1', '4', '3', '3', '3', '3', '2', '2', '1', '1', '2', '3', '5', '3', '5', '5', '4', '5', '', 25, '2022-06-08 15:03:51'),
('CL 111', '4', '5', '4', '5', '2', '3', '5', '4', '1', '1', '1', '5', '3', '4', '4', '3', '4', '3', '2', '', 26, '2022-06-08 15:05:10'),
('CL 111', '4', '3', '4', '1', '3', '1', '2', '4', '4', '4', '2', '3', '3', '3', '2', '4', '2', '2', '4', 'Voluptate laborum I', 27, '2022-06-08 15:06:12'),
('CL 111', '4', '3', '2', '4', '2', '1', '4', '5', '3', '1', '1', '4', '3', '2', '1', '4', '4', '1', '5', '', 28, '2022-06-08 15:13:54'),
('CL 111', '3', '5', '4', '5', '4', '2', '5', '1', '5', '5', '1', '5', '2', '5', '4', '4', '5', '1', '1', '', 29, '2022-06-08 15:14:53'),
('CL 111', '5', '4', '3', '4', '4', '3', '5', '3', '1', '2', '2', '2', '1', '3', '3', '3', '2', '2', '5', 'Id quia voluptas exe', 30, '2022-06-08 15:15:17'),
('CL 111', '5', '5', '1', '4', '3', '2', '4', '3', '5', '5', '2', '2', '2', '1', '4', '2', '4', '5', '5', 'Excepteur est dignis', 31, '2022-06-08 15:16:04'),
('CL 111', '5', '2', '4', '4', '3', '3', '3', '4', '2', '4', '2', '3', '5', '1', '4', '3', '3', '3', '5', 'Cumque velit duis do', 32, '2022-06-08 15:16:57'),
('CS 174', '5', '4', '1', '1', '1', '4', '2', '3', '3', '1', '1', '1', '3', '4', '3', '1', '2', '3', '2', '', 33, '2022-06-08 15:17:23'),
('CS 174', '1', '3', '2', '2', '2', '5', '3', '5', '2', '2', '2', '3', '3', '2', '2', '1', '4', '5', '5', 'Veritatis sed minima', 34, '2022-06-08 15:17:38'),
('CS 174', '1', '1', '3', '2', '1', '4', '5', '4', '4', '4', '2', '4', '5', '2', '1', '2', '3', '3', '3', 'Cum ratione aliquam ', 35, '2022-06-08 15:17:57'),
('CS 174', '5', '4', '1', '1', '1', '3', '5', '3', '4', '4', '1', '3', '4', '5', '3', '2', '4', '3', '5', '', 36, '2022-06-08 15:18:25'),
('CS 174', '3', '5', '1', '3', '5', '4', '1', '3', '5', '2', '1', '4', '3', '2', '5', '2', '2', '1', '1', '', 37, '2022-06-08 15:18:54'),
('CS 174', '1', '4', '5', '5', '2', '5', '3', '1', '1', '5', '1', '2', '4', '4', '1', '5', '1', '4', '1', '', 38, '2022-06-08 15:19:15'),
('CS 174', '1', '5', '4', '5', '2', '2', '1', '1', '5', '4', '1', '2', '3', '5', '3', '3', '3', '3', '5', '', 39, '2022-06-08 15:19:46'),
('CS 174', '5', '5', '2', '2', '3', '3', '2', '5', '1', '5', '1', '4', '5', '5', '1', '1', '5', '3', '2', '', 40, '2022-06-08 15:20:10'),
('CS 174', '5', '1', '1', '2', '5', '4', '5', '2', '1', '2', '1', '5', '5', '3', '3', '4', '1', '5', '5', '', 41, '2022-06-08 15:20:30'),
('CS 174', '4', '1', '2', '5', '3', '4', '3', '5', '3', '3', '2', '4', '5', '4', '2', '2', '1', '4', '1', 'Repudiandae minim et', 42, '2022-06-08 15:20:54'),
('CS 174', '1', '5', '1', '2', '5', '3', '5', '2', '4', '2', '1', '5', '3', '3', '4', '2', '3', '5', '2', 'Consequuntur anim su', 43, '2022-06-08 15:21:11'),
('CS 174', '3', '1', '2', '5', '4', '3', '2', '5', '1', '3', '2', '2', '1', '4', '5', '4', '4', '1', '4', 'Reprehenderit quo s', 44, '2022-06-08 15:21:32'),
('CS 174', '2', '4', '3', '3', '5', '2', '3', '4', '2', '1', '1', '1', '2', '3', '1', '2', '5', '4', '3', '', 45, '2022-06-08 15:22:00'),
('CS 174', '3', '5', '4', '3', '3', '1', '4', '2', '2', '3', '1', '5', '2', '3', '4', '1', '5', '5', '3', '', 46, '2022-06-08 15:25:30'),
('CS 174', '2', '5', '5', '1', '2', '4', '3', '1', '3', '2', '1', '5', '4', '4', '1', '4', '3', '2', '5', '', 47, '2022-06-08 15:29:05'),
('CS 174', '5', '2', '3', '3', '4', '2', '2', '3', '3', '1', '2', '2', '4', '1', '2', '4', '5', '3', '2', 'Et qui irure volupta', 48, '2022-06-08 15:29:20'),
('CS 174', '1', '4', '4', '3', '5', '3', '3', '3', '5', '3', '1', '3', '2', '2', '1', '3', '1', '5', '5', '', 49, '2022-06-08 15:29:38'),
('CS 174', '2', '2', '1', '5', '5', '3', '4', '3', '4', '2', '2', '4', '3', '4', '2', '3', '1', '4', '1', 'Voluptas et nobis oc', 50, '2022-06-08 15:29:56'),
('CS 174', '4', '4', '1', '4', '1', '5', '4', '3', '1', '3', '1', '3', '4', '2', '4', '4', '2', '1', '2', ' ', 51, '2022-06-08 15:30:25'),
('CS 174', '1', '1', '1', '3', '2', '2', '1', '4', '2', '2', '2', '2', '3', '5', '5', '3', '1', '3', '2', 'Eius fugiat et et v', 52, '2022-06-08 15:30:44'),
('CS 174', '4', '1', '3', '1', '5', '4', '5', '4', '2', '3', '1', '3', '5', '1', '5', '1', '2', '3', '4', '', 53, '2022-06-08 15:31:04'),
('CS 243', '3', '3', '5', '5', '4', '5', '5', '3', '4', '5', '1', '4', '3', '4', '1', '1', '5', '1', '2', '', 54, '2022-06-08 15:32:48'),
('CS 243', '3', '5', '2', '2', '3', '1', '4', '3', '1', '5', '1', '1', '5', '2', '2', '1', '4', '1', '5', '', 55, '2022-06-08 15:33:11'),
('CS 243', '2', '3', '3', '1', '2', '4', '5', '2', '1', '1', '2', '2', '5', '5', '5', '3', '3', '4', '4', 'Et cum deserunt iure', 56, '2022-06-08 15:34:10'),
('CS 243', '5', '3', '5', '5', '1', '2', '4', '2', '5', '4', '2', '5', '1', '1', '4', '4', '4', '3', '5', 'Reiciendis inventore', 57, '2022-06-08 15:34:35'),
('CS 243', '3', '3', '2', '2', '2', '4', '2', '1', '2', '3', '1', '1', '5', '1', '1', '5', '4', '1', '1', '', 58, '2022-06-08 15:34:58'),
('CS 243', '1', '2', '5', '1', '1', '5', '4', '1', '1', '3', '1', '1', '4', '2', '2', '3', '4', '2', '3', '', 59, '2022-06-08 15:35:13'),
('CS 243', '1', '2', '5', '1', '1', '5', '4', '1', '1', '3', '1', '1', '4', '2', '2', '3', '4', '2', '3', '', 60, '2022-06-08 15:35:13'),
('CS 243', '1', '5', '3', '1', '2', '1', '3', '2', '3', '4', '1', '3', '4', '3', '2', '4', '4', '5', '4', '', 61, '2022-06-08 15:35:33'),
('CS 243', '1', '4', '2', '4', '5', '4', '1', '1', '5', '1', '1', '2', '4', '4', '3', '4', '4', '5', '5', '', 62, '2022-06-08 15:35:55'),
('CS 243', '1', '4', '5', '3', '4', '5', '1', '3', '1', '3', '1', '5', '5', '5', '2', '3', '2', '5', '5', '', 63, '2022-06-08 15:36:14'),
('CS 243', '2', '4', '4', '3', '4', '5', '5', '1', '4', '3', '1', '4', '5', '4', '3', '2', '4', '5', '1', '', 64, '2022-06-08 15:36:39'),
('CS 243', '1', '4', '2', '5', '2', '3', '4', '4', '4', '2', '1', '5', '1', '4', '4', '2', '1', '2', '4', '', 65, '2022-06-08 15:37:00'),
('CS 243', '2', '2', '2', '1', '3', '3', '4', '4', '3', '1', '1', '1', '4', '4', '3', '1', '1', '1', '4', '', 66, '2022-06-08 15:37:18'),
('CS 243', '3', '1', '3', '4', '2', '1', '4', '5', '5', '3', '1', '2', '5', '4', '2', '2', '3', '1', '3', '', 67, '2022-06-08 15:37:38'),
('CS 243', '4', '2', '1', '4', '3', '4', '2', '1', '4', '1', '1', '5', '4', '5', '3', '5', '5', '2', '2', '', 68, '2022-06-08 15:37:54'),
('CS 243', '1', '2', '3', '5', '3', '5', '3', '5', '1', '5', '1', '5', '5', '5', '5', '3', '2', '3', '5', '', 69, '2022-06-08 15:38:09'),
('CS 243', '5', '4', '5', '4', '1', '2', '2', '2', '4', '2', '1', '4', '4', '1', '1', '2', '4', '5', '3', '', 70, '2022-06-08 15:38:28'),
('CS 243', '5', '2', '2', '5', '5', '5', '2', '3', '5', '3', '1', '5', '5', '3', '1', '1', '3', '5', '1', '', 71, '2022-06-08 15:38:51'),
('CS 243', '2', '5', '4', '4', '4', '4', '5', '2', '4', '3', '1', '5', '1', '1', '1', '1', '3', '5', '5', '', 72, '2022-06-08 15:40:29'),
('CS 243', '3', '3', '3', '2', '4', '5', '1', '4', '2', '4', '1', '5', '3', '3', '1', '1', '2', '1', '3', '', 73, '2022-06-08 15:40:50'),
('CS 243', '5', '4', '2', '3', '2', '2', '1', '2', '1', '2', '1', '3', '2', '1', '3', '5', '4', '4', '4', '', 74, '2022-06-08 15:41:11'),
('CS 243', '3', '3', '5', '4', '3', '5', '3', '1', '5', '2', '1', '1', '4', '1', '2', '4', '2', '4', '3', '', 75, '2022-06-08 15:41:32'),
('CS 243', '3', '3', '5', '4', '3', '5', '3', '1', '5', '2', '1', '1', '4', '1', '2', '4', '2', '4', '3', '', 76, '2022-06-08 15:41:33'),
('CS 243', '2', '5', '5', '4', '2', '4', '2', '2', '3', '1', '1', '3', '2', '1', '1', '2', '4', '5', '4', '', 77, '2022-06-08 15:41:49'),
('CS 243', '3', '1', '2', '1', '5', '5', '4', '4', '1', '5', '1', '4', '1', '5', '1', '5', '1', '2', '3', '', 78, '2022-06-08 15:42:10'),
('CS 243', '5', '4', '2', '1', '2', '3', '1', '5', '1', '5', '1', '3', '4', '1', '3', '5', '5', '1', '4', '', 79, '2022-06-08 15:42:34'),
('CS 243', '1', '2', '4', '2', '3', '2', '3', '4', '5', '5', '1', '3', '5', '2', '5', '3', '1', '2', '3', '', 80, '2022-06-08 15:42:55'),
('CS 243', '4', '3', '2', '1', '1', '2', '1', '3', '5', '4', '1', '1', '5', '3', '5', '1', '1', '5', '1', '', 81, '2022-06-08 15:43:16'),
('CS 243', '5', '2', '2', '2', '2', '3', '1', '4', '2', '5', '1', '5', '4', '3', '5', '4', '3', '2', '3', '', 82, '2022-06-08 15:43:41'),
('CS 243', '2', '2', '2', '4', '5', '5', '2', '2', '3', '2', '1', '5', '4', '4', '1', '4', '3', '1', '5', '', 83, '2022-06-08 15:44:00'),
('CS 243', '4', '2', '1', '1', '4', '1', '5', '2', '3', '3', '1', '2', '5', '4', '1', '3', '4', '2', '3', '', 84, '2022-06-08 15:44:16'),
('CS 334', '5', '5', '2', '5', '4', '2', '2', '4', '2', '2', '1', '1', '5', '1', '4', '2', '3', '5', '1', '', 85, '2022-06-08 15:51:22'),
('CS 334', '2', '2', '5', '4', '4', '3', '5', '1', '4', '5', '1', '1', '1', '1', '2', '3', '5', '3', '2', '', 86, '2022-06-08 15:51:47'),
('CS 334', '2', '3', '2', '2', '5', '2', '2', '3', '5', '2', '1', '1', '3', '1', '4', '2', '4', '3', '2', '', 87, '2022-06-08 15:52:07'),
('CS 334', '2', '3', '2', '1', '3', '2', '2', '3', '4', '2', '2', '2', '1', '1', '2', '5', '4', '2', '4', 'Adipisicing dolor qu', 88, '2022-06-08 15:52:29'),
('CS 334', '4', '3', '3', '1', '2', '2', '1', '2', '1', '5', '1', '1', '3', '3', '2', '5', '2', '5', '3', '', 89, '2022-06-08 15:52:46'),
('CS 334', '1', '4', '1', '2', '1', '4', '2', '2', '2', '1', '1', '4', '3', '2', '4', '3', '4', '1', '5', '', 90, '2022-06-08 15:53:08'),
('CS 334', '2', '3', '1', '1', '4', '5', '4', '5', '2', '2', '1', '4', '5', '5', '3', '4', '5', '4', '5', '', 91, '2022-06-08 15:53:27'),
('CS 334', '4', '2', '5', '4', '3', '5', '4', '4', '4', '1', '1', '5', '1', '3', '1', '4', '3', '2', '5', '', 92, '2022-06-08 15:53:50'),
('CS 174', '2', '4', '1', '5', '4', '1', '5', '1', '5', '3', '1', '2', '2', '5', '4', '4', '3', '4', '1', '', 93, '2022-06-08 15:54:12'),
('CS 334', '1', '1', '5', '2', '3', '1', '3', '5', '4', '3', '1', '5', '1', '3', '3', '3', '1', '4', '5', '', 94, '2022-06-08 15:54:35'),
('CS 334', '2', '4', '2', '1', '3', '4', '4', '5', '2', '4', '1', '1', '5', '5', '1', '1', '2', '1', '5', '', 95, '2022-06-08 15:55:05'),
('CS 334', '2', '1', '3', '5', '3', '5', '4', '1', '5', '4', '1', '3', '4', '5', '5', '1', '1', '5', '5', '', 96, '2022-06-08 15:55:23'),
('CS 334', '2', '1', '1', '2', '4', '4', '1', '3', '4', '1', '1', '3', '3', '3', '5', '3', '4', '1', '3', '', 97, '2022-06-08 15:55:44'),
('CS 334', '3', '5', '5', '5', '2', '5', '3', '2', '5', '2', '1', '4', '5', '5', '4', '3', '4', '3', '3', '', 98, '2022-06-08 15:56:37'),
('CS 334', '5', '4', '4', '3', '2', '2', '5', '1', '5', '1', '1', '2', '5', '1', '5', '3', '2', '4', '4', '', 99, '2022-06-08 15:56:56'),
('CS 334', '2', '4', '1', '2', '2', '3', '3', '1', '5', '2', '1', '4', '3', '1', '2', '1', '1', '4', '1', '', 100, '2022-06-08 15:57:17'),
('CS 334', '5', '5', '1', '5', '1', '4', '5', '3', '4', '5', '1', '2', '4', '3', '5', '4', '2', '1', '4', '', 101, '2022-06-08 15:57:39'),
('CS 334', '3', '3', '1', '2', '2', '4', '3', '2', '2', '3', '1', '4', '2', '2', '1', '2', '2', '2', '4', '', 102, '2022-06-08 15:57:59'),
('CS 334', '4', '2', '5', '5', '2', '3', '3', '5', '4', '2', '1', '4', '4', '3', '5', '4', '4', '3', '3', '', 103, '2022-06-08 15:58:24'),
('CS 334', '2', '1', '2', '3', '4', '3', '2', '1', '2', '4', '1', '1', '3', '2', '2', '4', '4', '3', '1', '', 104, '2022-06-08 15:58:46'),
('CS 334', '2', '2', '5', '3', '2', '3', '2', '2', '5', '4', '1', '2', '1', '4', '2', '3', '4', '5', '1', '', 105, '2022-06-08 15:59:15'),
('CS 334', '1', '2', '2', '3', '4', '5', '1', '3', '4', '1', '1', '1', '4', '3', '1', '3', '2', '5', '2', '', 106, '2022-06-08 15:59:36'),
('CS 354', '4', '5', '2', '3', '1', '2', '3', '2', '5', '4', '2', '5', '5', '5', '5', '4', '3', '1', '2', 'Qui eligendi ducimus', 107, '2022-06-08 16:00:23'),
('CS 354', '3', '1', '2', '2', '1', '4', '2', '2', '5', '4', '2', '2', '4', '1', '1', '4', '4', '2', '5', 'Excepteur eligendi u', 108, '2022-06-08 16:02:01'),
('CS 354', '3', '5', '1', '5', '3', '4', '4', '5', '5', '5', '1', '1', '3', '1', '4', '3', '2', '4', '4', '', 109, '2022-06-08 16:02:20'),
('CS 354', '1', '3', '5', '2', '2', '3', '5', '3', '3', '2', '1', '5', '2', '3', '1', '5', '5', '1', '1', '', 110, '2022-06-08 16:02:39'),
('CS 354', '1', '1', '4', '5', '2', '4', '2', '1', '4', '5', '1', '2', '4', '3', '4', '3', '2', '4', '3', '', 111, '2022-06-08 16:03:00'),
('CS 354', '2', '3', '2', '1', '5', '1', '4', '4', '5', '2', '1', '3', '3', '3', '4', '5', '4', '3', '3', '', 112, '2022-06-08 16:03:22'),
('CS 354', '1', '3', '3', '4', '3', '2', '5', '2', '3', '2', '1', '2', '3', '5', '4', '5', '3', '5', '4', '', 113, '2022-06-08 16:03:56'),
('CS 354', '5', '3', '5', '3', '1', '3', '3', '4', '5', '1', '1', '5', '4', '4', '5', '5', '2', '5', '2', '', 114, '2022-06-08 16:05:04'),
('CS 354', '4', '2', '3', '4', '4', '3', '4', '4', '2', '1', '1', '3', '3', '5', '3', '4', '2', '5', '4', '', 115, '2022-06-08 16:05:25'),
('CS 354', '4', '2', '5', '1', '1', '4', '4', '3', '4', '2', '1', '2', '4', '5', '3', '1', '3', '1', '5', '', 116, '2022-06-08 16:06:32'),
('CS 354', '5', '4', '1', '3', '4', '1', '1', '3', '2', '1', '1', '2', '5', '2', '2', '4', '4', '1', '2', '', 117, '2022-06-08 16:06:55'),
('DS 113', '4', '1', '3', '2', '2', '5', '5', '1', '5', '3', '1', '3', '5', '4', '2', '2', '1', '3', '3', '', 118, '2022-06-08 16:19:02'),
('DS 113', '4', '2', '1', '3', '4', '1', '4', '4', '2', '4', '1', '5', '1', '3', '5', '4', '4', '3', '1', '\r\n', 119, '2022-06-08 16:39:17'),
('DS 113', '5', '2', '1', '4', '3', '4', '2', '2', '4', '5', '1', '5', '3', '3', '2', '1', '4', '1', '4', '', 120, '2022-06-08 16:39:37'),
('DS 113', '1', '2', '5', '3', '5', '4', '1', '3', '5', '1', '1', '3', '5', '3', '3', '5', '2', '2', '1', '', 121, '2022-06-08 16:39:58'),
('DS 113', '4', '5', '4', '2', '5', '5', '1', '1', '1', '5', '1', '2', '3', '2', '2', '1', '4', '2', '5', '', 122, '2022-06-08 16:40:19'),
('DS 113', '4', '5', '2', '1', '2', '5', '2', '2', '3', '2', '1', '4', '4', '3', '5', '3', '2', '4', '2', '', 123, '2022-06-08 16:40:36'),
('DS 113', '3', '2', '1', '1', '1', '4', '2', '5', '2', '4', '1', '2', '2', '1', '1', '2', '3', '4', '5', '', 124, '2022-06-08 16:40:53'),
('DS 113', '2', '5', '2', '5', '5', '1', '4', '3', '4', '3', '1', '2', '5', '5', '3', '1', '2', '5', '1', '', 125, '2022-06-08 16:41:12'),
('DS 113', '1', '2', '1', '1', '3', '4', '1', '2', '1', '2', '1', '3', '3', '3', '1', '4', '2', '3', '1', '', 126, '2022-06-08 16:41:28'),
('DS 113', '4', '4', '2', '1', '2', '2', '2', '2', '1', '4', '1', '2', '3', '1', '5', '3', '5', '5', '1', '', 127, '2022-06-08 16:41:45'),
('DS 113', '5', '1', '2', '4', '4', '3', '2', '1', '3', '5', '1', '2', '3', '1', '3', '1', '4', '2', '4', '', 128, '2022-06-08 16:42:04'),
('DS 113', '2', '2', '5', '5', '5', '4', '4', '3', '2', '3', '1', '1', '2', '2', '3', '4', '3', '5', '3', '', 129, '2022-06-08 16:42:23'),
('DS 113', '1', '2', '1', '4', '2', '1', '4', '2', '3', '2', '1', '2', '1', '3', '5', '1', '5', '5', '3', '', 130, '2022-06-08 16:42:44'),
('DS 113', '4', '4', '2', '5', '4', '4', '2', '3', '2', '3', '1', '1', '4', '1', '4', '2', '2', '1', '3', '', 131, '2022-06-08 16:43:04'),
('DS 113', '2', '5', '1', '2', '4', '1', '5', '5', '2', '2', '1', '3', '2', '4', '1', '4', '4', '4', '5', '', 132, '2022-06-08 16:43:22'),
('DS 113', '3', '3', '5', '5', '5', '4', '5', '5', '3', '4', '1', '3', '3', '1', '3', '2', '1', '4', '4', '', 133, '2022-06-08 16:43:37'),
('DS 113', '2', '4', '4', '5', '5', '1', '3', '1', '2', '3', '1', '3', '1', '3', '5', '3', '1', '1', '2', '', 134, '2022-06-08 16:44:00'),
('DS 113', '4', '5', '4', '5', '1', '1', '1', '5', '3', '5', '1', '3', '5', '3', '3', '2', '2', '3', '4', '', 135, '2022-06-08 16:44:18'),
('DS 113', '4', '4', '2', '1', '2', '1', '3', '3', '1', '1', '1', '2', '4', '2', '4', '3', '3', '3', '1', '', 136, '2022-06-08 16:44:34'),
('DS 113', '2', '2', '4', '1', '4', '3', '2', '1', '4', '2', '1', '3', '2', '4', '1', '1', '1', '2', '5', '', 137, '2022-06-08 16:44:48'),
('DS 113', '5', '3', '5', '4', '5', '2', '5', '2', '3', '1', '1', '2', '5', '1', '1', '4', '2', '4', '1', '', 138, '2022-06-08 16:45:07'),
('DS 113', '2', '5', '5', '3', '1', '3', '5', '2', '1', '3', '1', '1', '4', '5', '3', '5', '2', '3', '5', '', 139, '2022-06-08 16:45:24'),
('IS 158', '1', '4', '3', '4', '3', '3', '4', '3', '1', '4', '1', '2', '4', '5', '3', '4', '5', '5', '1', '', 140, '2022-06-08 16:45:43'),
('IS 158', '4', '1', '4', '1', '1', '2', '4', '3', '5', '1', '2', '5', '1', '4', '2', '4', '1', '2', '3', 'Non velit laboris si', 141, '2022-06-08 16:46:01'),
('IS 158', '5', '5', '2', '4', '3', '3', '5', '2', '2', '5', '1', '2', '1', '4', '2', '5', '4', '1', '5', '', 142, '2022-06-08 16:46:20'),
('IS 158', '4', '4', '2', '3', '2', '5', '1', '4', '4', '2', '1', '3', '5', '5', '5', '1', '5', '5', '2', '', 143, '2022-06-08 16:46:41'),
('IS 158', '2', '5', '3', '1', '4', '4', '5', '5', '2', '5', '1', '1', '2', '5', '1', '1', '1', '1', '4', '', 144, '2022-06-08 16:47:01'),
('IS 158', '4', '2', '4', '3', '1', '5', '3', '3', '2', '3', '1', '2', '4', '3', '1', '2', '2', '3', '4', '', 145, '2022-06-08 16:47:15'),
('IS 158', '2', '5', '2', '2', '3', '3', '3', '4', '3', '1', '1', '2', '4', '3', '3', '1', '5', '1', '5', '', 146, '2022-06-08 16:47:28'),
('IS 158', '5', '3', '4', '1', '1', '4', '1', '4', '3', '5', '1', '4', '4', '4', '3', '4', '4', '3', '2', '', 147, '2022-06-08 16:47:45'),
('IS 158', '5', '3', '1', '5', '5', '2', '4', '3', '3', '2', '1', '2', '5', '2', '1', '1', '4', '4', '5', '', 148, '2022-06-08 16:47:59'),
('IS 158', '5', '3', '1', '4', '2', '4', '5', '5', '5', '2', '1', '2', '4', '5', '3', '4', '3', '2', '2', '', 149, '2022-06-08 16:48:16'),
('IS 158', '5', '3', '3', '2', '2', '2', '1', '1', '4', '5', '1', '1', '2', '3', '3', '5', '1', '2', '2', '', 150, '2022-06-08 16:48:34'),
('IS 158', '5', '1', '1', '3', '4', '1', '5', '2', '4', '2', '1', '5', '3', '3', '1', '1', '3', '4', '4', '', 151, '2022-06-08 16:48:52'),
('IS 158', '4', '2', '5', '3', '5', '3', '3', '2', '3', '1', '1', '2', '2', '3', '4', '3', '2', '2', '5', '', 152, '2022-06-08 16:49:05'),
('IS 181', '3', '3', '1', '4', '1', '4', '2', '5', '5', '3', '2', '2', '5', '3', '3', '2', '3', '3', '5', 'Id sit omnis quos as', 153, '2022-06-08 16:49:27'),
('IS 181', '4', '4', '1', '1', '4', '5', '2', '4', '1', '3', '1', '2', '1', '3', '2', '5', '5', '4', '3', '', 154, '2022-06-08 16:49:43'),
('IS 181', '3', '5', '2', '3', '5', '2', '1', '1', '1', '4', '2', '5', '4', '4', '3', '3', '5', '4', '4', 'Aut tempora eligendi', 155, '2022-06-08 16:49:57'),
('IS 181', '5', '2', '5', '2', '2', '5', '1', '2', '5', '1', '2', '4', '4', '1', '5', '2', '4', '3', '2', 'Quam molestias aliqu', 156, '2022-06-08 16:50:10'),
('IS 181', '2', '5', '1', '5', '1', '2', '5', '5', '4', '3', '2', '2', '5', '2', '2', '5', '5', '4', '5', 'Unde mollit mollitia', 157, '2022-06-08 16:50:51'),
('IS 181', '5', '1', '4', '4', '1', '4', '3', '3', '3', '4', '1', '4', '4', '2', '5', '1', '4', '5', '1', '', 158, '2022-06-08 16:51:08'),
('IS 181', '5', '5', '2', '4', '3', '1', '1', '3', '5', '2', '2', '1', '5', '4', '3', '2', '1', '4', '5', 'Pariatur Vero sit ', 159, '2022-06-08 16:51:20'),
('IS 181', '2', '3', '2', '1', '3', '3', '2', '4', '5', '4', '2', '1', '4', '3', '5', '5', '4', '3', '1', 'Dolor nesciunt mini', 160, '2022-06-08 16:51:34'),
('IS 181', '5', '4', '5', '4', '1', '4', '4', '4', '2', '5', '1', '1', '5', '4', '3', '1', '1', '2', '3', '', 161, '2022-06-08 16:51:49'),
('IS 181', '4', '1', '3', '1', '2', '4', '4', '2', '4', '1', '1', '4', '4', '3', '3', '1', '1', '2', '4', '', 162, '2022-06-08 16:52:05'),
('IS 181', '1', '5', '2', '5', '4', '2', '2', '4', '3', '3', '1', '5', '1', '4', '5', '5', '1', '2', '2', '', 163, '2022-06-08 16:52:22'),
('IS 181', '5', '2', '3', '4', '5', '1', '4', '1', '4', '5', '1', '3', '4', '2', '2', '1', '4', '3', '4', '', 164, '2022-06-08 16:52:40'),
('IS 181', '5', '2', '4', '5', '2', '4', '1', '2', '5', '4', '1', '3', '3', '4', '5', '4', '3', '5', '2', '', 165, '2022-06-08 16:52:59'),
('IS 181', '3', '2', '3', '3', '2', '5', '4', '5', '5', '1', '1', '3', '4', '3', '5', '2', '5', '5', '1', '', 166, '2022-06-08 16:53:16'),
('IS 181', '3', '5', '3', '5', '3', '5', '2', '5', '2', '2', '1', '1', '5', '4', '5', '3', '3', '5', '1', '', 167, '2022-06-08 16:53:34'),
('IS 181', '1', '5', '2', '3', '1', '2', '3', '3', '5', '2', '1', '1', '4', '1', '4', '2', '3', '1', '5', '', 168, '2022-06-08 16:53:54'),
('IS 181', '2', '5', '3', '4', '3', '4', '2', '2', '1', '3', '1', '2', '2', '5', '1', '1', '1', '4', '2', '', 169, '2022-06-08 16:54:11'),
('IS 181', '3', '1', '1', '1', '5', '3', '3', '2', '1', '5', '1', '5', '5', '4', '3', '3', '4', '3', '3', '', 170, '2022-06-08 16:54:27'),
('IS 181', '2', '2', '4', '1', '5', '4', '4', '2', '3', '3', '1', '2', '4', '2', '4', '2', '3', '3', '3', '', 171, '2022-06-08 16:54:44'),
('CS 151', '1', '2', '3', '5', '2', '4', '5', '3', '3', '5', '1', '2', '2', '4', '2', '1', '2', '1', '4', '', 172, '2022-06-08 16:55:37');

-- --------------------------------------------------------

--
-- Table structure for table `programme`
--

CREATE TABLE `programme` (
  `id` int(11) NOT NULL,
  `student_programme` varchar(100) DEFAULT NULL
) ENGINE=InnoDB DEFAULT CHARSET=utf8mb4;

--
-- Dumping data for table `programme`
--

INSERT INTO `programme` (`id`, `student_programme`) VALUES
(1, 'BSC IN CS'),
(2, 'BSC IN CEIT'),
(3, 'BSC IN BIT');

-- --------------------------------------------------------

--
-- Table structure for table `programme_course`
--

CREATE TABLE `programme_course` (
  `id` int(11) NOT NULL,
  `id_programme` int(11) NOT NULL,
  `course_code` varchar(200) NOT NULL
) ENGINE=InnoDB DEFAULT CHARSET=utf8mb4;

--
-- Dumping data for table `programme_course`
--

INSERT INTO `programme_course` (`id`, `id_programme`, `course_code`) VALUES
(1, 3, 'MK 301'),
(2, 1, 'CL 111'),
(3, 2, 'CS 151'),
(4, 1, 'CS 174'),
(5, 2, 'CS 174'),
(6, 3, 'CS 234'),
(7, 1, 'CS 243'),
(8, 2, 'CS 252'),
(9, 3, 'CS 323'),
(10, 1, 'CS 334'),
(11, 2, 'CS 335'),
(12, 3, 'CS 348'),
(13, 1, 'CS 354'),
(14, 2, 'CS 356'),
(15, 3, 'DS 112'),
(16, 1, 'DS 113'),
(17, 2, 'GM 300'),
(18, 3, 'IS 143'),
(19, 1, 'IS 158'),
(20, 2, 'IS 162'),
(21, 3, 'IS 171'),
(22, 1, 'IS 181'),
(23, 2, 'IS 236'),
(24, 3, 'IE 445');

-- --------------------------------------------------------

--
-- Table structure for table `role`
--

CREATE TABLE `role` (
  `id` int(10) UNSIGNED NOT NULL,
  `role` varchar(200) NOT NULL
) ENGINE=InnoDB DEFAULT CHARSET=utf8mb4;

--
-- Dumping data for table `role`
--

INSERT INTO `role` (`id`, `role`) VALUES
(1, 'student'),
(2, 'senior'),
(3, 'staff');

-- --------------------------------------------------------

--
-- Table structure for table `teachingmonitoring_questions`
--

CREATE TABLE `teachingmonitoring_questions` (
  `id` int(11) NOT NULL,
  `starting_time` time NOT NULL,
  `ending_time` time NOT NULL,
  `venue` varchar(150) NOT NULL,
  `venue_capacity` int(200) NOT NULL,
  `Number_of_students` int(10) NOT NULL,
  `attendance` varchar(200) NOT NULL,
  `reason_for_absence` varchar(200) DEFAULT NULL,
  `student_informed` varchar(200) DEFAULT 'pending',
  `session_starting_time` varchar(200) NOT NULL,
  `reason_for_startinglate` varchar(200) DEFAULT NULL,
  `session_type` varchar(200) NOT NULL,
  `teaching_mode` varchar(200) NOT NULL,
  `teaching_method` varchar(200) NOT NULL,
  `medium_of_instruction` varchar(200) NOT NULL,
  `a` varchar(200) NOT NULL,
  `b` varchar(200) NOT NULL,
  `c` varchar(200) NOT NULL,
  `d` varchar(200) NOT NULL,
  `e` varchar(200) NOT NULL,
  `f` varchar(200) NOT NULL,
  `g` varchar(200) NOT NULL,
  `h` varchar(200) NOT NULL,
  `i` varchar(200) NOT NULL,
  `j` varchar(200) NOT NULL,
  `special_matters` varchar(200) NOT NULL,
  `specialmatters_explanation` text DEFAULT NULL
) ENGINE=InnoDB DEFAULT CHARSET=utf8mb4;

--
-- Dumping data for table `teachingmonitoring_questions`
--

INSERT INTO `teachingmonitoring_questions` (`id`, `starting_time`, `ending_time`, `venue`, `venue_capacity`, `Number_of_students`, `attendance`, `reason_for_absence`, `student_informed`, `session_starting_time`, `reason_for_startinglate`, `session_type`, `teaching_mode`, `teaching_method`, `medium_of_instruction`, `a`, `b`, `c`, `d`, `e`, `f`, `g`, `h`, `i`, `j`, `special_matters`, `specialmatters_explanation`) VALUES
(27, '10:01:00', '10:02:00', 'venue45', 8, 0, 'absent', 'Out of university campus, travelled', 'no', '', '', '', '', '', '', '', '', '', '', '', '', '', '', '', '', '', ''),
(28, '10:03:00', '10:03:00', '8', 8, 0, 'present', '', '', 'started_on_time', '', 'Practical', 'Student centred', 'Student Presentation and practical', 'Course in English and English is used through out', '3', '3', '3', '2', '2', '2', '2', '2', '2', '2', 'yes', 'electricity shortage'),
(29, '12:55:00', '12:55:00', '', 100, 78, 'present', '', '', 'started_on_time', '', 'Practical', 'Student centred', 'Conventional overhead projector', 'Course in English but code-switching to Kiswahili', '1', '1', '1', '1', '1', '1', '1', '1', '1', '1', 'yes', 'no electricity'),
(30, '13:01:00', '13:01:00', 'B302', 78, 89, 'present', '', '', 'Started late between 15-30 minutes', 'Sitting arrangement', 'Lecture', 'Student centred', 'Student Presentation and practical', 'Course in English but code-switching to Kiswahili', '1', 'NA', 'NA', 'NA', 'NA', 'NA', 'NA', 'NA', 'NA', 'NA', 'no', ''),
(31, '15:59:00', '15:59:00', 'B310', 89, 90, 'absent', 'Out of university campus, travelled', 'yes', '', '', '', '', '', '', '', '', '', '', '', '', '', '', '', '', '', ''),
(32, '15:59:00', '15:59:00', 'B310', 89, 90, 'absent', 'Out of university campus, travelled', 'yes', '', '', '', '', '', '', '', '', '', '', '', '', '', '', '', '', '', ''),
(33, '15:59:00', '15:59:00', 'B310', 89, 90, 'absent', 'Out of university campus, travelled', 'yes', '', '', '', '', '', '', '', '', '', '', '', '', '', '', '', '', '', ''),
(34, '15:59:00', '15:59:00', 'B310', 89, 90, 'present', 'Out of university campus, travelled', 'yes', 'started_on_time', '', 'Practical', 'Student centred', 'Student Presentation and practical', 'Course in Kiswahili but code-switching to English', '2', '2', '2', '2', '2', '2', '2', '2', '2', '2', 'yes', 'no umeme'),
(35, '16:17:00', '16:17:00', 'B307', 45, 34, 'present', '', '', 'started_on_time', '', 'Seminar', 'Student centred', 'Student Presentation and practical', 'Course in Kiswahili but code-switching to English', '1', '1', '1', '1', '1', '1', '1', '1', '1', '1', 'no', ''),
(36, '16:17:00', '16:17:00', 'B307', 45, 34, 'present', '', '', 'started_on_time', '', 'Seminar', 'Student centred', 'Student Presentation and practical', 'Course in Kiswahili but code-switching to English', '1', '1', '1', '1', '1', '1', '1', '1', '1', '1', 'no', ''),
(0, '11:01:00', '11:01:00', 'B302', 78, 89, 'absent', 'Out of university campus, travelled', 'yes', '', '', '', '', '', '', '', '', '', '', '', '', '', '', '', '', '', ''),
(0, '11:23:00', '11:23:00', 'B307', 78, 90, 'absent', 'Instructor has attended a meeting', 'yes', '', '', '', '', '', '', '', '', '', '', '', '', '', '', '', '', '', ''),
(0, '11:25:00', '11:25:00', 'D01', 89, 8, 'present', '', '', 'Started late between 15-30 minutes', 'late arrival of the students', 'Practical', 'Student centred', 'Conventional overhead projector', 'Course in English but code-switching to Kiswahili', '4', '3', '4', '4', '3', '4', '3', '2', '2', '2', 'no', '');

-- --------------------------------------------------------

--
-- Table structure for table `users`
--

CREATE TABLE `users` (
  `id` int(5) NOT NULL,
  `name` varchar(250) NOT NULL,
  `email` varchar(250) DEFAULT NULL,
  `reg_no` varchar(250) DEFAULT NULL,
  `password` varchar(250) NOT NULL,
  `role` int(10) UNSIGNED DEFAULT NULL,
  `student_programme` varchar(100) DEFAULT NULL,
  `study_year` int(3) DEFAULT NULL
) ENGINE=InnoDB DEFAULT CHARSET=utf8mb4;

--
-- Dumping data for table `users`
--

INSERT INTO `users` (`id`, `name`, `email`, `reg_no`, `password`, `role`, `student_programme`, `study_year`) VALUES
(1, 'Mlundi, Wanzita Raymound', NULL, '2019-04-07563', '$2y$10$s7nGNNzSUmuZXwC9Tpto7O1H6jv9owqia7ynExm1mJTwjqwVZqoLK', 1, 'BSC IN CEIT', 3),
(2, 'Mwakatimbo, Elizabeth A.', NULL, '2019-04-08908', '$2y$10$/8gy4txhfdLWu4Bkgw6MVu3R6G9nT5a/4u0uH5BLpC7UkF.VGjlPO', 1, 'BSC IN CEIT', 3),
(3, 'Reuben, Adam William', NULL, '2019-04-10982', '$2y$10$wBpfiMradIKOJMsQsCk.fOIoicfx4mIGayoQpgX25pIDEBfpjk.7m', 1, 'BSC IN CEIT', 3),
(4, 'Mustapha, Saidi Seifdin', NULL, '2018-04-02441', '$2y$10$2QzBli2C9jf3dRiWO0E41OWx1hLLFIl5.eFPd3UNFDG.Scvt5GJ1i', 1, 'BSC IN CEIT', 3),
(5, 'Mlay, Calvin Swaty', NULL, '2017-04-07308', '$2y$10$wHjQCDn3eDmVegt55.sEKubXdOFlUPckazRbOw5Pu1ev5I.bz93.K', 1, 'BSC IN CEIT', 3),
(6, 'Mrema, Gloria Huggon', NULL, '2019-04-08035', '$2y$10$URI2nz.iBKhcT6Din5g0Ue95qigArn7tgTuwC0lyRxbQZtO2eYOgi', 1, 'BSC IN CEIT', 3),
(7, 'Kunda, Michael John', NULL, '2019-04-04658', '$2y$10$5QL693wqctgRZzULoDkBseuM81E7IHj6.QoMQ6DM6kVsxGd68NbfG', 1, 'BSC IN CEIT', 3),
(8, 'Chiutila, Nielsen W.', NULL, '2019-04-01304', '$2y$10$eUszsnOFU.6foAn1LrljfuxBDx3l/q.1KXKSgbQJ.4CA1KNUniIxC', 1, 'BSC IN CEIT', 3),
(9, 'Mganga, Jackson Francis', NULL, '2019-04-06965', '$2y$10$p7dghk7WwFTQ66dukuCquuCbzgtzuWgMKDZK1qnzgamFFJOtuvPQW', 1, 'BSC IN CEIT', 3),
(10, 'Rajabu, Juma S.', NULL, '2019-04-10833', '$2y$10$wcY3LZ/Czv8zqn3MP6vVgObKnvmW5ioxy1NpVPPR9N9DwjFdowCL.', 1, 'BSC IN CEIT', 3),
(11, 'Mallya, Habil Raphael', NULL, '2019-04-05826', '$2y$10$GwPbi4Ta8eN.YDFXGQ2gIOVjnfeVK/MPX1rdJzkFOrQdpmoRAC7Pq', 1, 'BSC IN CEIT', 3),
(12, 'Senkoro, Daniel A.', NULL, '2019-04-11702', '$2y$10$2RLFHGl8H8cqY9kFcIbmfOJnn3xydhhuByiyN16i1M1PMNL3RhlSi', 1, 'BSC IN CEIT', 3),
(13, 'Kapungu, Noel K', NULL, '2019-04-03618', '$2y$10$2o/v5Z3taPiTRiDrOhnOluE4jQQbaQtGgckl8QIPwXM1AltKQO8LS', 1, 'BSC IN CEIT', 3),
(14, 'Kibonajoro, Ackram S.', NULL, '2017-04-07278', '$2y$10$Gl60FhXmDXIFeX8KD3MeSOnA6v.2efJQ3X2tlCel5Ca9JP3hW/HLK', 1, 'BSC IN CEIT', 3),
(15, 'Mrema, Elvis G.', NULL, '2018-04-01670', '$2y$10$4HnhZLHJbHgzafwH8MpbFu5/FSMGkYw0NyX5Ql08l80V.YWAuZCJe', 1, 'BSC IN CEIT', 3),
(16, 'Thomas, Mathias', NULL, '2019-04-12582', '$2y$10$9ITFhCQe/6NUx8egvFJzXeC6WnsNoDu4iwmZG5UGcRnuQ7dxTl6Ma', 1, 'BSC IN CEIT', 3),
(17, 'Muhenga, Said Zuberi', NULL, '2019-04-08524', '$2y$10$SFPzi5IgEVlQOtWyyXc0qu43bPT7QgQqiaUk1LsA81yWrlqXfjxPe', 1, 'BSC IN CEIT', 3),
(18, 'Mussa, Yussuf Hamad', NULL, '2018-04-07846', '$2y$10$7EbU.UbmyQYTtPuMc1tpuuAl95DOQ2pTiKGWnqM.lvOKhrnrVk98y', 1, 'BSC IN CEIT', 3),
(19, 'Rweyemamu, Herdt', NULL, '2018-04-07268', '$2y$10$eEM.ejsA3Cm8QQBbayh.muw7Hn/86XtWxngDhO6guXU.sTx6jmiWa', 1, 'BSC IN CEIT', 3),
(20, 'Kweka, Deborah C.', NULL, '2019-04-04703', '$2y$10$2yC2PAlX62Gpg6xkgDmwWuU8qLiamKged3MqMMbeFw5snQGBSwYR.', 1, 'BSC IN CEIT', 3),
(21, 'Edward, Leonard M.', NULL, '2019-04-01677', '$2y$10$avakKlkn0z/rruSEAWZjbe1u/5yzhrNXgwLqfvK/afDYYelzA1iCa', 1, 'BSC IN CEIT', 3),
(22, 'Mbuge, Richard Charles', NULL, '2019-04-06696', '$2y$10$/3jzp7oswCSwcYRM3iBkWOoQcGVpAxLgUHNzF6arP62lHf9krL7cS', 1, 'BSC IN CEIT', 3),
(23, 'Mwalukisa, Walter P.', NULL, '2019-04-08989', '$2y$10$ccZtZC6znl.oV9xFVJ951e8jGtFwdxXTvMjCbS6KAksNyNegt9vTi', 1, 'BSC IN CEIT', 3),
(24, 'Ngaharo, Neema Rashid', NULL, '2019-04-09742', '$2y$10$F9UNLk8QYkl/RlCd9kWhQ.dZf8iOVzONJ6N2ygp1q/AQ6PKpVhIFy', 1, 'BSC IN CEIT', 3),
(25, 'Charukula, Jimmy Benjamin', NULL, '2019-04-01182', '$2y$10$9V2TulMwkOhwzL//RUNdM.UXsGtEEVgVKbeorXRkGQvh81qXf1QZ2', 1, 'BSC IN CEIT', 3),
(26, 'Mayenga, Richard E', NULL, '2019-04-06515', '$2y$10$soSBUdxQTF6EQdw.GjtcsuoDvXCjAZfX2wqj27JMyNBTdVQgiJDrO', 1, 'BSC IN BIT', 3),
(27, 'Mosha, Godbless Huruma', NULL, '2019-04-07868', '$2y$10$XeEBCaIS1O.arZ0oUmgDBOXcZOuM96KKDNPiivoLflCxzuYFoPwr2', 1, 'BSC IN BIT', 3),
(28, 'Juma, Emmanuel E.', NULL, '2018-04-10886', '$2y$10$gOgrwybJBCFEAyzZD1a9vOVYuS744teiiiyMpoNZXG83pJG5nAq1.', 1, 'BSC IN BIT', 3),
(29, 'Lemunke, Emaculate Sein', NULL, '2018-04-01671', '$2y$10$vlZMXMF6gBHvg.q.ochBAubUSyT5TlpYRuMLodZ.4baIopyy83kia', 1, 'BSC IN BIT', 3),
(30, 'Saleh, Ttuwr Abood', NULL, '2019-04-11318', '$2y$10$ZiL1ClDtfa1i7KHokYMvLeA2BHnqS1JjU4ce9r7zHlSBkIS.1Cooq', 1, 'BSC IN BIT', 3),
(31, 'Masali, Emanuel', NULL, '2018-04-07138', '$2y$10$shhIlcuABfPHzKuwnB05yOiD/CMwmQjSoj19xzxMD7hZ3EDNsYUUi', 1, 'BSC IN BIT', 3),
(32, 'Mlowe, Anneth N.', NULL, '2019-04-07548', '$2y$10$gNc8Jm8eEDYvnwzSToJf7uuNo5ZJ7yuFxB4lrz2.HHyZSW6OufOge', 1, 'BSC IN BIT', 3),
(33, 'Salum, Zuwena Hamoud', NULL, '2018-04-01698', '$2y$10$d9HFhYm8OM2wdkEmAgHeKeUKbiW3rjD1DEVQShrEwtc84Rhq//GGu', 1, 'BSC IN BIT', 3),
(34, 'Mwilawa, Amos A.', NULL, '2019-04-09370', '$2y$10$LmYXEA53VHsUTYLrtiSOUO9DEYjVIBvWbqwFvOxW5kw68VFuzvYl.', 1, 'BSC IN BIT', 3),
(35, 'Malamla, Millenium Anthony', NULL, '2019-04-05753', '$2y$10$HZZ21N45WvIpO2/A36Cmcu5nV0OCyNuf8sGoBvDV8xo5AWm1df4Aa', 1, 'BSC IN BIT', 3),
(36, 'Gwesa, Fumbuka Njile', NULL, '2019-04-02215', '$2y$10$RU3BZLowhkUIu0To6iJ.9.xyrgiAXe7WjApqsgWPQ/SmYksnQ1TXq', 1, 'BSC IN BIT', 3),
(37, 'Ndilanha, Vivian E', NULL, '2019-04-09619', '$2y$10$.LmtmIoJC45zDt0FRpaKze7luITWWe7rxOL0Mj./axJerv9yJZFQ.', 1, 'BSC IN BIT', 3),
(38, 'Zizima, Yotham K.', NULL, '2019-04-03484', '$2y$10$9iXEoWymEb84pzSCoZ2WMOeyoOxznPz0tfWWDwMFzUav2/vf79Fk.', 1, 'BSC IN BIT', 3),
(39, 'Mlaki, Japhet January', NULL, '2019-04-07467', '$2y$10$ehs0pmnsSUdO7aA9Fyjt6.jl4qRCnEjYU9KnMTVF8V502qISMEc7q', 1, 'BSC IN BIT', 3),
(40, 'Mahinya, Jackson Iman', NULL, '2019-04-05566', '$2y$10$PUIonABWLgJyAzxqq2xtduuRra96996NXmT4dCiwgB2yNYYpo2odO', 1, 'BSC IN BIT', 3),
(41, 'Mkenda, Sophia P.', NULL, '2019-04-07338', '$2y$10$uoH64izFtM07WPXPOJzPqOOakR8SEJY/sT8J60xspS3bFysIxV3Sq', 1, 'BSC IN BIT', 3),
(42, 'Msangi, Subira Batuli', NULL, '2019-04-08137', '$2y$10$fK7hY.KxUI8x4tx0p./mCeXxdpbawEa6CFhE1/7kngJmv55OR8NRC', 1, 'BSC IN BIT', 3),
(43, 'Felix, Aliseni F', NULL, '2019-04-01895', '$2y$10$HXcnlOTi2wFClRr4iAYo5.rTq6G3M1eJrtRh7sp5uF4AFJ8bVZ2p2', 1, 'BSC IN BIT', 3),
(44, 'Sempombe, Nicholaus Charles', NULL, '2019-04-11676', '$2y$10$WS7qo96KHXyM0NFBhxFc6.bjE6HxxxWzcC/1A7BBFWz/PrED7VzB2', 1, 'BSC IN BIT', 3),
(45, 'Malima, George Robert', NULL, '2019-04-05793', '$2y$10$Iho0frd0TOT0Qqy0CzqRruP8PmRcK0DFpJhRjfV0bCKEpsPyx458y', 1, 'BSC IN BIT', 3),
(46, 'Mushi, Wilfred A.', NULL, '2019-04-08669', '$2y$10$3yhwtdpCobyN7DPyqvWE5OYIFrpo1.I9w/OzX.Xd.W1AnRH4Qa7ei', 1, 'BSC IN BIT', 3),
(47, 'Rashidi, Jumanne Aziz', NULL, '2019-04-10935', '$2y$10$PEy5dL2pAgnpsH51tbyhiehzyB8K3tWwc3QHeaNp5Zy.FuURzhRha', 1, 'BSC IN BIT', 3),
(48, 'Njau, Albert V.', NULL, '2019-04-09971', '$2y$10$qf4cJTxHx.7x2pybSTz.Bu05NaVIG/uLvh0zcoXiN1YqdopOiFCCm', 1, 'BSC IN BIT', 3),
(49, 'Masika, Benard J.', NULL, '2018-04-01664', '$2y$10$5Nu/Hs8bZfBLpPYhhe.YTOApkHOOkKHht666JnPqpa1/AsWak10bu', 1, 'BSC IN BIT', 3),
(50, 'Bukuku, Richard J.', NULL, '2018-04-01693', '$2y$10$WuwV8cx7q61MFPPlisc02uMAQ38jZEyc/tel6nFBWcnTcA3oFlYkm', 1, 'BSC IN BIT', 3),
(51, 'Kapiligi, Latifa M.', NULL, '2018-04-07406', '$2y$10$JPSIgHWCbZdoNxMA2nb.VOhnwMYtdhxBt016rZVZAwhvRVPUErxkO', 1, 'BSC IN BIT', 3),
(52, 'Kilonzo, Hussein S.', NULL, '2019-04-04179', '$2y$10$ZDwg5h0YueK4Gp.6tzKZmui1LtzyJkfX.jmmnV5Z6GluQzVMFvRFy', 1, 'BSC IN BIT', 3),
(53, 'Kimambo, Boaz Godson', NULL, '2018-04-01665', '$2y$10$ftaWyr2.ZyqBKwnhb40S4egALuJZmdfms1lZfxD3rdvSrZUrSTyva', 1, 'BSC IN BIT', 3),
(54, 'Kisanga, Laurence Paul', NULL, '2019-04-04362', '$2y$10$mzEO9g.to1Jacf/pzv2HNep0kiEQY1Jg4oW7H/DsiDtzDbWPF7a5i', 1, 'BSC IN BIT', 3),
(55, 'John, John Boniphace', NULL, '2018-04-01685', '$2y$10$eK2Urb5vQd/7yrFn66MUPuos9DFAuCkKGoRvZYHdA7E3r5O1ApJha', 1, 'BSC IN BIT', 3),
(56, 'Ngao, Prince Walter', NULL, '2018-04-01692', '$2y$10$GQdJ8JoV4PN8AuUVwCbnI.huN5JYRNPnMKKAOf5AzIolWdgn/koOC', 1, 'BSC IN BIT', 3),
(57, 'Swai, Reagan Exaudi', NULL, '2019-04-12356', '$2y$10$LRYVwPckG9lQ9pC4YdYPqOMvIkXb.sMriq3VE1ijnuB6UjG4yI35.', 1, 'BSC IN BIT', 3),
(58, 'Saleh, Ali A.', NULL, '2018-04-07828', '$2y$10$GYlPJ/VX86U6pIDjzK3p7OmBo.ss5PQmCofmf405lqVARHb13bYVW', 1, 'BSC IN BIT', 3),
(59, 'Kibwana, Zulfa Othman', NULL, '2019-04-04003', '$2y$10$IAkohJN6JLWfJiMgaPjNTOam7ln5.MZ3gr.9LWUcbICes5tbZHeE2', 1, 'BSC IN BIT', 3),
(60, 'Lwanda, Erick Peter', NULL, '2019-04-05189', '$2y$10$y0ZRWo1n0ZwppsB3QuV.5O39JsGxj3cYY/ijeCyuv7zW8ZdM8EEjC', 1, 'BSC IN BIT', 3),
(61, 'Mwalyolo, Tukupala M.', NULL, '2018-04-01694', '$2y$10$spdxmEnh.n79CmUYd8V/ie5FPWAANzL2sNLEx3N/ayl/bL.bASBbG', 1, 'BSC IN BIT', 3),
(62, 'Bawazi, Arshad O.', NULL, '2019-04-00767', '$2y$10$6jzfAl4EduIpbZ1hsobRDuuW7IOaT7quGzCdUyhqW5TMy6vnM5k/6', 1, 'BSC IN BIT', 3),
(63, 'Mjule, Winstone M.', NULL, '2019-04-07303', '$2y$10$cM1GvY7et2OZcLToQa01GuqjbbhLG/RtHpMMoBMkSksnlbBbpF8Um', 1, 'BSC IN BIT', 3),
(64, 'Simfukwe, Aaron Gervas', NULL, '2018-04-06786', '$2y$10$JL4CK5d8hXqwbCpbVQ3vO.rjN8MVuLdvWn/wzoVDXFjp7daEep1TK', 1, 'BSC IN BIT', 3),
(65, 'Assey, Anna-maria Geofrey', NULL, '2019-04-00516', '$2y$10$ZVwiXf.yuE2xIMDI8VxLcumUXoxJFaKhdCmAafSwDGB/NN6WJM4mS', 1, 'BSC IN BIT', 3),
(66, 'Mtui, Alex G.', NULL, '2018-04-01660', '$2y$10$6yFPAk.BhzXAb1SaUPcj1Oxqy4/TBddgagRNiNGEeApvQAZyr9hEO', 1, 'BSC IN BIT', 3),
(67, 'Oshipai, Saning\'o M.', NULL, '2019-04-11554', '$2y$10$zQ02Kb3fWvxXNIVlEWHiyeG9qC08R38BSBXRqZA0g.YsmXX96GrVG', 1, 'BSC IN BIT', 3),
(68, 'Kasaila, Yohana S.', NULL, '2019-04-03649', '$2y$10$hhTmRRRCKvzNYmlF5N3Kx.1Kmq9ED9C.mhfl0BndrHyNeu/yNVAo6', 1, 'BSC IN BIT', 3),
(69, 'Scolastica, John S.', NULL, '2019-04-11464', '$2y$10$r9fWYsdOie4KAVhtoz.yI.DvxxWLm9rME80Ia0sMRONnUDEm130By', 1, 'BSC IN BIT', 3),
(70, 'Ndyanabo, Pauletha Simon', NULL, '2019-04-09692', '$2y$10$RFnlvuOTe1o3QgMIXRBa0.E3DKB.kr32Um0WcuILb7SP0xeQMBcMy', 1, 'BSC IN BIT', 3),
(71, 'Masandeko, Kelvin M.', NULL, '2018-04-01688', '$2y$10$0fxikXVoSZQ03AX8owdHIOUyRgcRHXxgIQpirxdIU2qL6SvEL1GJ6', 1, 'BSC IN BIT', 3),
(72, 'Ilomo, Kaiza F', NULL, '2019-04-02632', '$2y$10$SSvU/FfPjfOwUJSZxx59XuKlfv4PS9nVEV/o0XHQWO6CJ.bH0FH2e', 1, 'BSC IN BIT', 3),
(73, 'Mlangwa, Ronald D.', NULL, '2019-04-07476', '$2y$10$r.RxC9TK3.yMgjXu6g9fjOf/PQHWtSbuvcPqdUGrulvDD/Dfazv/q', 1, 'BSC IN BIT', 3),
(74, 'Karoza, Alpha Obed', NULL, '2019-04-10379', '$2y$10$Li/T3yzind6WWlhRN3EfkeMtLWTZP4PtE9IxiDcGyaM53zkYpW5we', 1, 'BSC IN BIT', 3),
(75, 'Senya, Collin E.', NULL, '2019-04-11704', '$2y$10$cFRTMHda4PZbxz5fNCLSVOsQvYZduuyj.OUN6aHY83koewOq2zsAy', 1, 'BSC IN BIT', 3),
(76, 'Shedrack, Glastborn G.', NULL, '2019-04-11839', '$2y$10$NfXhPZ3gKhujO6FEl/WnN.AbpHU1d8iFn.woMBDMRzAM3XBkn13b6', 1, 'BSC IN CS', 3),
(77, 'Shemdoe, Erick I.', NULL, '2018-04-02411', '$2y$10$hFlobgGEKXdfeXk9fxqu8OGs.VgSouaritG1ZZ/ljpFIYrh2DeJAe', 1, 'BSC IN CS', 3),
(78, 'Kheri, Ibrahim Ramadhan', NULL, '2019-04-03950', '$2y$10$2.4g6sjVST.rO6efH7.qKOq9zi9LjA3YbK.1cV.rDiWsFeG5OqkWa', 1, 'BSC IN CS', 3),
(79, 'Lyaganda, Masanja', NULL, '2019-04-05208', '$2y$10$QVB9zhsqyyA029c0WFN.1u1BL9wJNiWll9EgAmQp56RRDtBlSXgVu', 1, 'BSC IN CS', 3),
(80, 'Minja, Arthur Benjamin', NULL, '2019-04-07251', '$2y$10$ZQMOWawiLOjzd5z.hGM4SOE/dIwxX.c1VxoXBnuqJESsIohUEftFe', 1, 'BSC IN CS', 3),
(81, 'Kajubu, Azim Khalid', NULL, '2018-04-01663', '$2y$10$xWFhn6iS6F4iifxq9TCb5.c.r3nAkO9WoWMidoDa1RubcFC7f50JG', 1, 'BSC IN CS', 3),
(82, 'Woiso, Gabriela R.', NULL, '2019-04-13149', '$2y$10$dQ6udgrdIWRbMnGEM57wDut2zeM3RDVrilHDXXdJJykeKL6/FS/Mi', 1, 'BSC IN CS', 3),
(83, 'Moses, Richard Estomih', NULL, '2018-04-02438', '$2y$10$s6LZ9btKAVpWELlns9Qk/eiDYzuiAxQPlNWd/NnXwVqf0UClM0ypS', 1, 'BSC IN CS', 3),
(84, 'Rwehumbiza, Aron', NULL, '2018-04-01662', '$2y$10$k3QMwEIPvns7ePZXGnYg4uQBEcTQuTEUbhC.yjeYKm/elZYl0BQCm', 1, 'BSC IN CS', 3),
(85, 'Masami, Rodney Paul', NULL, '2019-04-06109', '$2y$10$sW0/Nvz1t1fIIOk4DxB.Z.OwF1xuOkMc89psuxXkcqPocL2OIXgGa', 1, 'BSC IN CS', 3),
(86, 'Michese, Deogratius Henry', NULL, '2019-04-07167', '$2y$10$y7WWUXZ1AJFI1AQD9Z5DOeM.qtGzOcIzxygFGZ/HgWNeqrhj/TQjq', 1, 'BSC IN CS', 3),
(87, 'Liwaha, Jackson Stephen', NULL, '2019-04-04957', '$2y$10$Q0uJOr4n6tf6X3V.Rw7ob.9C/0/p/9dajUbqVD6c3LE5NoiYGFfmq', 1, 'BSC IN CS', 3),
(88, 'Akaka, Thomas D.', NULL, '2019-04-00180', '$2y$10$L8c1zJEq.uyw0DsWksC6jeinzdDBBWNA6mzb86Qoa1M8kW4i54e8.', 1, 'BSC IN CS', 3),
(89, 'Mniachi, Mariam Ally', NULL, '2019-04-07642', '$2y$10$cW0c4DQP5sIENipssxFzbuIdbwqEdNrxurVHH0nl.EyY0hlykN0rO', 1, 'BSC IN CS', 3),
(90, 'Mahenge, Christina', NULL, '2019-04-05542', '$2y$10$9l0p1Xsv0NoOB5xxg7DKZemANTqNm4q6oum8tn.QKPPCI6Ux.Sx2C', 1, 'BSC IN CS', 3),
(91, 'Mwemezi, Angela Jovin', NULL, '2019-04-09335', '$2y$10$h4sA6c3OfVWOM5E3KnqL5uPuri.oOy6xLql/TIIzBnb0nvO6nN07K', 1, 'BSC IN CS', 3),
(92, 'Mbalyo, Daniel John', NULL, '2019-04-06561', '$2y$10$B53szXncdis6O5861xXvtOvs8Nrn17cRatjbusucp8x9QP2ljn1Ma', 1, 'BSC IN CS', 3),
(93, 'Ndilanha, Vivian E', NULL, '2019-04-09619', '$2y$10$12nuzRBdfMKaJwNq3sqmEOhoZIW7O7JpAWyWTeSFVteV39okXA/Rq', 1, 'BSC IN CS', 3),
(94, 'Massay, Emanuel Tlatlaa', NULL, '2018-04-01672', '$2y$10$6omKiO18R3rb9qM4HFl2Q.iBILz0DbhTj.xMRA07UWKWYAsxNvNZi', 1, 'BSC IN CS', 3),
(95, 'Kanuwa, Shabani Ramadhani', NULL, '2019-04-03565', '$2y$10$OVX0GoIFR5RcgPlywekHseQa2z4shfJFxWxnW1kda4yQXGBPSzTr2', 1, 'BSC IN CS', 3),
(96, 'Kyaruzi, Shamira S.', NULL, '2019-04-04743', '$2y$10$jQcPey5Re/JoUjwh68gilesqrMCRCjm7kxHno14bM5/nxStAnO26u', 1, 'BSC IN CS', 3),
(97, 'Issa, Hilal H.', NULL, '2018-04-01682', '$2y$10$.i8azWwTiUkGnJOJh5zBbO6UEryXjAYfOHd.EtQ.csRX49tWRFaam', 1, 'BSC IN CS', 3),
(98, 'Jebe, Mbelwa A.', NULL, '2019-04-02822', '$2y$10$6zG.K5GHeaICDXXOibLx0.zQNp.xALfXemURxnGZtAjMN6cBkL8D.', 1, 'BSC IN CS', 3),
(99, 'Machuve, Alice T.', NULL, '2019-04-05343', '$2y$10$AjAHeMggh5jesrXScxgtgu0wk3ljRSp61N213sR.IsiEmd50vf2ge', 1, 'BSC IN CS', 3),
(100, 'Kapfumvuti, Dion Ishe', NULL, '2019-04-01597', '$2y$10$ae74dFPdvNqY/IMWwM2JYOkh9dMR9UJo7MOf6S0fEbh7BYVEb57XS', 1, 'BSC IN CS', 3),
(101, 'Xibona, Jesse A.', NULL, '2019-04-12918', '$2y$10$8UBZxcFGzlHQ5MQa7EqxTefpkSA/Hct9SBcQgyRdo4TKtggaz6Jbq', 1, 'BSC IN CS', 3),
(102, 'Mwakwilusa, Imani A.', NULL, '2018-04-01684', '$2y$10$YGUAYKm0S3rwTv8pEizBdunPa.U1LpcUGRrzqeh4vTrI/5YPTvqHe', 1, 'BSC IN CS', 3),
(103, 'David, Beatrice', NULL, '2019-04-01510', '$2y$10$6oEPjjnuyOxvamjfgHhZfeO5ntCUM3974plBtvMAStIQSV4mCGCXa', 1, 'BSC IN CS', 3),
(104, 'Ikunda, Elvis Neville', NULL, '2018-04-01669', '$2y$10$9zzsI3u5X36JOH.WByAPU.6VeECtnNFLxeOdWkU882MdGcLeU0omK', 1, 'BSC IN CS', 3),
(105, 'DR MATHEW MNDEME', 'hod@udsm.ac.tz', NULL, '$2y$10$ByiCtnUm.PiQDYiNFl4UrOC6QNjP9WIbu3oeAdNtNq1GS4qr/kvfe', 2, '', NULL),
(106, 'RAHIM		HASSANI', NULL, '2020-04-12742', '$2y$10$QthNTU60I2RDraUqISX8Su2o09WjsVHzeP1V310fn0/eVsLcIzZxW', 1, 'BSC IN BIT', 2),
(107, 'MILAN	K	JETHWA', NULL, '2020-04-02684', '$2y$10$QthNTU60I2RDraUqISX8Su2o09WjsVHzeP1V310fn0/eVsLcIzZxW', 1, 'BSC IN BIT', 2),
(108, 'GOODLUCK	DANIEL	MLUNGUSYE', NULL, '2020-04-07414', '$2y$10$QthNTU60I2RDraUqISX8Su2o09WjsVHzeP1V310fn0/eVsLcIzZxW', 1, 'BSC IN BIT', 2),
(109, 'ERNEST,JULIUS	MWINCHUMU', NULL, '2020-04-09111', '$2y$10$QthNTU60I2RDraUqISX8Su2o09WjsVHzeP1V310fn0/eVsLcIzZxW', 1, 'BSC IN BIT', 2),
(110, 'JORDAN,JOSEPHAT CHAKI', NULL, '2020-04-00988', '$2y$10$QthNTU60I2RDraUqISX8Su2o09WjsVHzeP1V310fn0/eVsLcIzZxW', 1, 'BSC IN BIT', 2),
(111, 'PHILIPO,JULIUS LISSU', NULL, '2020-04-04700', '$2y$10$QthNTU60I2RDraUqISX8Su2o09WjsVHzeP1V310fn0/eVsLcIzZxW', 1, 'BSC IN BIT', 2),
(112, 'BENSON,GERALD	MTURI', NULL, '2020-04-08273', '$2y$10$QthNTU60I2RDraUqISX8Su2o09WjsVHzeP1V310fn0/eVsLcIzZxW', 1, 'BSC IN BIT', 2),
(113, 'FLORA,FRANK IKANGA', NULL, '2020-04-02464', '$2y$10$QthNTU60I2RDraUqISX8Su2o09WjsVHzeP1V310fn0/eVsLcIzZxW', 1, 'BSC IN BIT', 2),
(114, 'JULIUS,LAWRENCE BANDA\r\n', NULL, '2020-04-00610', '$2y$10$QthNTU60I2RDraUqISX8Su2o09WjsVHzeP1V310fn0/eVsLcIzZxW', 1, 'BSC IN BIT', 2),
(115, 'JORAM,ALLAN KINGU', NULL, '2020-04-04092', '$2y$10$QthNTU60I2RDraUqISX8Su2o09WjsVHzeP1V310fn0/eVsLcIzZxW', 1, 'BSC IN BIT', 2),
(116, 'LAWRENCE,DEUSDEDIT MASSUKA', NULL, '2020-04-06079', '$2y$10$QthNTU60I2RDraUqISX8Su2o09WjsVHzeP1V310fn0/eVsLcIzZxW', 1, 'BSC IN BIT', 2),
(117, 'DERICK,DEOGRATHIUS MUTALEMWA', NULL, '2020-04-08509', '$2y$10$QthNTU60I2RDraUqISX8Su2o09WjsVHzeP1V310fn0/eVsLcIzZxW', 1, 'BSC IN BIT', 2),
(118, 'COSTANTINE,YOHANA MALABA', NULL, '2020-04-05501', '$2y$10$QthNTU60I2RDraUqISX8Su2o09WjsVHzeP1V310fn0/eVsLcIzZxW', 1, 'BSC IN BIT', 2),
(119, 'BRIAN	FRADIUS MARTIN', NULL, '2020-04-05833', '$2y$10$QthNTU60I2RDraUqISX8Su2o09WjsVHzeP1V310fn0/eVsLcIzZxW', 1, 'BSC IN BIT', 2),
(120, 'NAOMI PETER KUGURU', NULL, '2020-04-04402', '$2y$10$QthNTU60I2RDraUqISX8Su2o09WjsVHzeP1V310fn0/eVsLcIzZxW', 1, 'BSC IN BIT', 2),
(121, 'FATUMA RASHIDI MUHITA', NULL, '2020-04-08312', '$2y$10$QthNTU60I2RDraUqISX8Su2o09WjsVHzeP1V310fn0/eVsLcIzZxW', 1, 'BSC IN BIT', 2),
(122, 'ANNAMARY I KWAYU', NULL, '2020-04-04471', '$2y$10$QthNTU60I2RDraUqISX8Su2o09WjsVHzeP1V310fn0/eVsLcIzZxW', 1, 'BSC IN BIT', 2),
(123, 'WILLIAMU ROBERT MSHANA', NULL, '2020-04-08022', '$2y$10$QthNTU60I2RDraUqISX8Su2o09WjsVHzeP1V310fn0/eVsLcIzZxW', 1, 'BSC IN BIT', 2),
(124, 'STELLA JAMES HANGI', NULL, '2020-04-02198', '$2y$10$QthNTU60I2RDraUqISX8Su2o09WjsVHzeP1V310fn0/eVsLcIzZxW', 1, 'BSC IN BIT', 2),
(125, 'HAMID SEIF SAID', NULL, '2020-04-10896', '$2y$10$QthNTU60I2RDraUqISX8Su2o09WjsVHzeP1V310fn0/eVsLcIzZxW', 1, 'BSC IN BIT', 2),
(126, 'HASHIM UDODDY	MBITA', NULL, '2020-04-12954', '$2y$10$QthNTU60I2RDraUqISX8Su2o09WjsVHzeP1V310fn0/eVsLcIzZxW', 1, 'BSC IN CS', 2),
(127, 'THEOBALD SHADRACK MSEMO', NULL, '2020-04-07992', '$2y$10$QthNTU60I2RDraUqISX8Su2o09WjsVHzeP1V310fn0/eVsLcIzZxW', 1, 'BSC IN CS', 2),
(128, 'ASYA OTHMAN IBRAHIM', NULL, '2020-04-02408', '$2y$10$QthNTU60I2RDraUqISX8Su2o09WjsVHzeP1V310fn0/eVsLcIzZxW', 1, 'BSC IN CS', 2),
(129, 'INTISAAR ABDUL OTHMAN', NULL, '2020-04-10222', '$2y$10$QthNTU60I2RDraUqISX8Su2o09WjsVHzeP1V310fn0/eVsLcIzZxW', 1, 'BSC IN CS', 2),
(130, 'ABDULAZIZ MAHMOUD ABDI', NULL, '2020-04-00069', '$2y$10$QthNTU60I2RDraUqISX8Su2o09WjsVHzeP1V310fn0/eVsLcIzZxW', 1, 'BSC IN CS', 2),
(131, 'GOODLUCK YOHANA MADADI', NULL, '2020-04-05082', '$2y$10$QthNTU60I2RDraUqISX8Su2o09WjsVHzeP1V310fn0/eVsLcIzZxW', 1, 'BSC IN CS', 2),
(132, 'KWAYU	ELIBARIKI MMARI', NULL, '2020-04-07432', '$2y$10$QthNTU60I2RDraUqISX8Su2o09WjsVHzeP1V310fn0/eVsLcIzZxW', 1, 'BSC IN CS', 2),
(133, 'NYENESYA FRANK MWAKILASA', NULL, '2020-04-08685', '$2y$10$QthNTU60I2RDraUqISX8Su2o09WjsVHzeP1V310fn0/eVsLcIzZxW', 1, 'BSC IN CS', 2),
(134, 'GLORY  ANDREW MADUNDA', NULL, '2020-04-05123', '$2y$10$QthNTU60I2RDraUqISX8Su2o09WjsVHzeP1V310fn0/eVsLcIzZxW', 1, 'BSC IN CS', 2),
(135, 'HEZEKIA ERASTO MWALONGO', NULL, '2020-04-08739', '$2y$10$QthNTU60I2RDraUqISX8Su2o09WjsVHzeP1V310fn0/eVsLcIzZxW', 1, 'BSC IN CS', 2),
(136, 'ALBERT WILLIAM MWANGWA', NULL, '2020-04-08906', '$2y$10$QthNTU60I2RDraUqISX8Su2o09WjsVHzeP1V310fn0/eVsLcIzZxW', 1, 'BSC IN CS', 2),
(137, 'REVINAH LOVE REMIGIUS', NULL, '2020-04-10824', '$2y$10$QthNTU60I2RDraUqISX8Su2o09WjsVHzeP1V310fn0/eVsLcIzZxW', 1, 'BSC IN CS', 2),
(138, 'JOHNSON FREDRICK RWEHUMBIZA', NULL, '2020-04-10824', '$2y$10$QthNTU60I2RDraUqISX8Su2o09WjsVHzeP1V310fn0/eVsLcIzZxW', 1, 'BSC IN CS', 2),
(139, 'ANDREA RENATUS MSILU', NULL, '2020-04-08059', '$2y$10$QthNTU60I2RDraUqISX8Su2o09WjsVHzeP1V310fn0/eVsLcIzZxW', 1, 'BSC IN CS', 2),
(140, 'PETER PIUS JIDAMVA', NULL, '2020-04-02687', '$2y$10$QthNTU60I2RDraUqISX8Su2o09WjsVHzeP1V310fn0/eVsLcIzZxW', 1, 'BSC IN CS', 2),
(141, 'TUMAINIEL T NGAKWIRA', NULL, '2020-04-09497', '$2y$10$QthNTU60I2RDraUqISX8Su2o09WjsVHzeP1V310fn0/eVsLcIzZxW', 1, 'BSC IN CS', 2),
(142, 'MOHAMED	JUMAA MWARIZO', NULL, '2020-04-08968', '$2y$10$QthNTU60I2RDraUqISX8Su2o09WjsVHzeP1V310fn0/eVsLcIzZxW', 1, 'BSC IN CS', 2),
(143, 'DENNIS	FRANCIS	PETRO', NULL, '2020-04-10419', '$2y$10$QthNTU60I2RDraUqISX8Su2o09WjsVHzeP1V310fn0/eVsLcIzZxW', 1, 'BSC IN CS', 2),
(144, 'AMONENENGHA JOHN MPINGUHI ', NULL, '2020-04-07810', '$2y$10$QthNTU60I2RDraUqISX8Su2o09WjsVHzeP1V310fn0/eVsLcIzZxW', 1, 'BSC IN CS', 2),
(145, 'SAMUEL YONA KILLAGANE', NULL, '2020-04-03966', '$2y$10$QthNTU60I2RDraUqISX8Su2o09WjsVHzeP1V310fn0/eVsLcIzZxW', 1, 'BSC IN CS', 2),
(146, 'ALLEN	ANDREW	MGEYEKWA ', NULL, '2020-04-06832', '$2y$10$QthNTU60I2RDraUqISX8Su2o09WjsVHzeP1V310fn0/eVsLcIzZxW', 1, 'BSC IN CS', 2),
(147, 'RITHA LAURIAN MGANGA', NULL, '2020-04-06773', '$2y$10$QthNTU60I2RDraUqISX8Su2o09WjsVHzeP1V310fn0/eVsLcIzZxW', 1, 'BSC IN CS', 2),
(148, 'DENNIS 	MICHAEL FUNDI', NULL, '2020-04-01857 ', '$2y$10$QthNTU60I2RDraUqISX8Su2o09WjsVHzeP1V310fn0/eVsLcIzZxW', 1, 'BSC IN CS', 2),
(149, 'MARIANA	PETER MAGANGA', NULL, '2020-04-05155', '$2y$10$QthNTU60I2RDraUqISX8Su2o09WjsVHzeP1V310fn0/eVsLcIzZxW', 1, 'BSC IN CS', 2),
(150, 'JOSHUA	ALEX	MALLYA', NULL, '2020-04-05584', '$2y$10$QthNTU60I2RDraUqISX8Su2o09WjsVHzeP1V310fn0/eVsLcIzZxW', 1, 'BSC IN CS', 2),
(151, 'NAIF ABDALLA MBARAK', NULL, '2020-04-06334', '$2y$10$QthNTU60I2RDraUqISX8Su2o09WjsVHzeP1V310fn0/eVsLcIzZxW', 1, 'BSC IN CEIT', 2),
(152, 'ELISHA WYCLIF	MASSAWE', NULL, '2020-04-06056', '$2y$10$QthNTU60I2RDraUqISX8Su2o09WjsVHzeP1V310fn0/eVsLcIzZxW', 1, 'BSC IN CEIT', 2),
(153, 'ABDUL	MARTIN	SAID', NULL, '2020-04-13155', '$2y$10$QthNTU60I2RDraUqISX8Su2o09WjsVHzeP1V310fn0/eVsLcIzZxW', 1, 'BSC IN CEIT', 2),
(154, 'METHUSELA BONIPHACE', NULL, '2020-04-00809', '$2y$10$QthNTU60I2RDraUqISX8Su2o09WjsVHzeP1V310fn0/eVsLcIzZxW', 1, 'BSC IN CEIT', 2),
(155, 'SALMA	ANTHONY	JOSEPH', NULL, '2020-04-02870', '$2y$10$QthNTU60I2RDraUqISX8Su2o09WjsVHzeP1V310fn0/eVsLcIzZxW', 1, 'BSC IN CEIT', 2),
(156, 'JANET SEHEWA KAPINGO', NULL, '2020-04-03443', '$2y$10$QthNTU60I2RDraUqISX8Su2o09WjsVHzeP1V310fn0/eVsLcIzZxW', 1, 'BSC IN CEIT', 2),
(157, 'HARUN H	KIMARO', NULL, '2020-04-04022', '$2y$10$QthNTU60I2RDraUqISX8Su2o09WjsVHzeP1V310fn0/eVsLcIzZxW', 1, 'BSC IN CEIT', 2),
(158, 'PETER JOSEPH MANKO', NULL, '2020-04-05697', '$2y$10$QthNTU60I2RDraUqISX8Su2o09WjsVHzeP1V310fn0/eVsLcIzZxW', 1, 'BSC IN CEIT', 2),
(159, 'LEOKADIA FIDELIS MPOMA', NULL, '2020-04-07821', '$2y$10$QthNTU60I2RDraUqISX8Su2o09WjsVHzeP1V310fn0/eVsLcIzZxW', 1, 'BSC IN CEIT', 2),
(160, 'FRANCIS HUSSEIN KICHENJE', NULL, '2020-04-03808', '$2y$10$QthNTU60I2RDraUqISX8Su2o09WjsVHzeP1V310fn0/eVsLcIzZxW', 1, 'BSC IN CEIT', 2),
(161, 'MAVULA	G GEOFREY', NULL, '2020-04-01934', '$2y$10$QthNTU60I2RDraUqISX8Su2o09WjsVHzeP1V310fn0/eVsLcIzZxW', 1, 'BSC IN CEIT', 2),
(162, 'LILIAN	MARCO	BITESIGIRWE', NULL, '2020-04-00767', '$2y$10$QthNTU60I2RDraUqISX8Su2o09WjsVHzeP1V310fn0/eVsLcIzZxW', 1, 'BSC IN CEIT', 2),
(163, 'SARAFINA FELICIAN MUSHI', NULL, '2020-04-08407', '$2y$10$QthNTU60I2RDraUqISX8Su2o09WjsVHzeP1V310fn0/eVsLcIzZxW', 1, 'BSC IN CEIT', 2),
(164, 'GLADNESS GODFREY MWANDRY', NULL, '2020-04-08859', '$2y$10$QthNTU60I2RDraUqISX8Su2o09WjsVHzeP1V310fn0/eVsLcIzZxW', 1, 'BSC IN CEIT', 2),
(165, 'MHANDO 	ZUBERI 	MHANDO ', NULL, '2020-04-06911', '$2y$10$QthNTU60I2RDraUqISX8Su2o09WjsVHzeP1V310fn0/eVsLcIzZxW', 1, 'BSC IN CEIT', 2),
(166, 'MICHAEL	B SAMBO', NULL, '2020-04-11040', '$2y$10$QthNTU60I2RDraUqISX8Su2o09WjsVHzeP1V310fn0/eVsLcIzZxW', 1, 'BSC IN CEIT', 2),
(167, 'KARIM MANENO MUYA', NULL, '2020-04-13044', '$2y$10$QthNTU60I2RDraUqISX8Su2o09WjsVHzeP1V310fn0/eVsLcIzZxW', 1, 'BSC IN CEIT', 2),
(168, 'NICOLAUS DAMAS DIMOSO', NULL, '2019-04-01591', '$2y$10$QthNTU60I2RDraUqISX8Su2o09WjsVHzeP1V310fn0/eVsLcIzZxW', 1, 'BSC IN CEIT', 2),
(169, 'AHMED FAKI MAKAME', NULL, '2020-04-05406', '$2y$10$QthNTU60I2RDraUqISX8Su2o09WjsVHzeP1V310fn0/eVsLcIzZxW', 1, 'BSC IN CEIT', 2),
(170, 'FRANCIS	J KIURE', NULL, '2020-04-04254', '$2y$10$QthNTU60I2RDraUqISX8Su2o09WjsVHzeP1V310fn0/eVsLcIzZxW', 1, 'BSC IN CEIT', 2),
(171, 'JOY GOSEBERT KAMUGISHA', NULL, '2020-04-03352', '$2y$10$QthNTU60I2RDraUqISX8Su2o09WjsVHzeP1V310fn0/eVsLcIzZxW', 1, 'BSC IN CEIT', 2),
(172, 'BELINDA	JOSEPH	NGERERI', NULL, '2020-04-09546', '$2y$10$QthNTU60I2RDraUqISX8Su2o09WjsVHzeP1V310fn0/eVsLcIzZxW', 1, 'BSC IN CEIT', 2),
(173, 'GLORIA KEMILEMBE MTAGWABA', NULL, '2020-04-08161', '$2y$10$QthNTU60I2RDraUqISX8Su2o09WjsVHzeP1V310fn0/eVsLcIzZxW', 1, 'BSC IN CEIT', 2),
(174, 'RACHEL MOSES MANYATTA', NULL, '2020-04-05719', '$2y$10$QthNTU60I2RDraUqISX8Su2o09WjsVHzeP1V310fn0/eVsLcIzZxW', 1, 'BSC IN CEIT', 2),
(175, 'ALEX	DANIEL	ELISHA', NULL, '2020-04-01641', '$2y$10$QthNTU60I2RDraUqISX8Su2o09WjsVHzeP1V310fn0/eVsLcIzZxW', 1, 'BSC IN CEIT', 2),
(176, 'BARAKA	B CHAGAVALIE', NULL, '2020-04-00982', '$2y$10$QthNTU60I2RDraUqISX8Su2o09WjsVHzeP1V310fn0/eVsLcIzZxW', 1, 'BSC IN BIT', 2),
(177, 'PIUS VENANCE RWEGOSHORA', NULL, '2020-04-10819', '$2y$10$QthNTU60I2RDraUqISX8Su2o09WjsVHzeP1V310fn0/eVsLcIzZxW', 1, 'BSC IN BIT', 2),
(178, 'YAHYA MASUDI', NULL, '2020-04-06087', '$2y$10$QthNTU60I2RDraUqISX8Su2o09WjsVHzeP1V310fn0/eVsLcIzZxW', 1, 'BSC IN BIT', 2),
(179, 'BERNADETTE ALBERT MASSAWE', NULL, '2020-04-06038', '$2y$10$QthNTU60I2RDraUqISX8Su2o09WjsVHzeP1V310fn0/eVsLcIzZxW', 1, 'BSC IN BIT', 2),
(180, 'ALEX GASTONE MKWIZU', NULL, '2020-04-07314', '$2y$10$QthNTU60I2RDraUqISX8Su2o09WjsVHzeP1V310fn0/eVsLcIzZxW', 1, 'BSC IN BIT', 2),
(181, 'LULU YAHYA SHABAN', NULL, '2020-04-11367', '$2y$10$QthNTU60I2RDraUqISX8Su2o09WjsVHzeP1V310fn0/eVsLcIzZxW', 1, 'BSC IN BIT', 2),
(182, 'ANGELITA C SWAI', NULL, '2020-04-11975', '$2y$10$QthNTU60I2RDraUqISX8Su2o09WjsVHzeP1V310fn0/eVsLcIzZxW', 1, 'BSC IN BIT', 2),
(183, 'RACHEL P NJAU', NULL, '2020-04-13088', '$2y$10$QthNTU60I2RDraUqISX8Su2o09WjsVHzeP1V310fn0/eVsLcIzZxW', 1, 'BSC IN BIT', 2),
(184, 'FARAJA	PETER', NULL, '2020-04-13655', '$2y$10$QthNTU60I2RDraUqISX8Su2o09WjsVHzeP1V310fn0/eVsLcIzZxW', 1, 'BSC IN BIT', 2),
(185, 'ABUBAKARI RAMADHANI BUGARU	', NULL, '2020-04-00839', '$2y$10$QthNTU60I2RDraUqISX8Su2o09WjsVHzeP1V310fn0/eVsLcIzZxW', 1, 'BSC IN BIT', 2),
(186, 'TONY NEMES RITE', NULL, '2020-04-10723', '$2y$10$QthNTU60I2RDraUqISX8Su2o09WjsVHzeP1V310fn0/eVsLcIzZxW', 1, 'BSC IN BIT', 2),
(187, 'DOREEN 	EMMANUEL KATUMA', NULL, '2020-04-03601', '$2y$10$QthNTU60I2RDraUqISX8Su2o09WjsVHzeP1V310fn0/eVsLcIzZxW', 1, 'BSC IN BIT', 2),
(188, 'CATHERINE GEORGE MASONGO', NULL, '2020-04-06013', '$2y$10$QthNTU60I2RDraUqISX8Su2o09WjsVHzeP1V310fn0/eVsLcIzZxW', 1, 'BSC IN BIT', 2),
(189, 'KAGIZE 	LAZARO 	BIHOLE', NULL, '2020-04-00734', '$2y$10$QthNTU60I2RDraUqISX8Su2o09WjsVHzeP1V310fn0/eVsLcIzZxW', 1, 'BSC IN BIT', 2),
(190, 'NOTKER	FORTUNATUS KAPINGA', NULL, '2020-04-03423', '$2y$10$QthNTU60I2RDraUqISX8Su2o09WjsVHzeP1V310fn0/eVsLcIzZxW', 1, 'BSC IN BIT', 2),
(191, 'HANS SYLVESTER MATTUNDA', NULL, '2020-04-06226', '$2y$10$QthNTU60I2RDraUqISX8Su2o09WjsVHzeP1V310fn0/eVsLcIzZxW', 1, 'BSC IN BIT', 2),
(192, 'PRUDENSIA BONIFACE MAZIKU', NULL, '2020-04-06298', '$2y$10$QthNTU60I2RDraUqISX8Su2o09WjsVHzeP1V310fn0/eVsLcIzZxW', 1, 'BSC IN BIT', 2),
(193, 'ROBERT	JOHN	PATRICK', NULL, '2016-04-07591', '$2y$10$QthNTU60I2RDraUqISX8Su2o09WjsVHzeP1V310fn0/eVsLcIzZxW', 1, 'BSC IN BIT', 2),
(194, 'FLORENCIA PHIDADELPH KITUKU', NULL, '2020-04-04237', '$2y$10$QthNTU60I2RDraUqISX8Su2o09WjsVHzeP1V310fn0/eVsLcIzZxW', 1, 'BSC IN BIT', 2),
(195, 'AUSTIN	M CAESAR', NULL, '2020-04-00948', '$2y$10$QthNTU60I2RDraUqISX8Su2o09WjsVHzeP1V310fn0/eVsLcIzZxW', 1, 'BSC IN BIT', 2),
(196, 'HASSAN	OMARY	KONGOI', NULL, '2020-04-04376', '$2y$10$QthNTU60I2RDraUqISX8Su2o09WjsVHzeP1V310fn0/eVsLcIzZxW', 1, 'BSC IN BIT', 2),
(197, 'SHAFII	SAID	NAMWANGA', NULL, '2020-04-09227\r\n', '$2y$10$QthNTU60I2RDraUqISX8Su2o09WjsVHzeP1V310fn0/eVsLcIzZxW', 1, 'BSC IN BIT', 2),
(198, 'BACHUBIRA, PRINCIPIUS', NULL, ' 	2021-04-00581', '', 1, 'BSC IN CS', 1),
(199, '\r\nBAHATI, KELVIN PROTAS', NULL, ' 	2021-04-00597', '', 1, 'BSC IN CS', 1),
(200, '\r\nBARONGO, ADVERA ARCHARD', NULL, ' 	2020-04-00639', '', 1, 'BSC IN CS', 1),
(201, '\r\nBENJAMIN, KULWA MICHAEL', NULL, '	2021-04-00781', '', 1, 'BSC IN CS', 1),
(202, '\r\nBERNARD, PETRO SELESTINE', NULL, '	2021-04-00789', '', 1, 'BSC IN CS', 1),
(203, '\r\nCHANGURU, HUSSEIN MASOUD', NULL, ' 	2021-04-01099', '', 1, 'BSC IN CS', 1),
(204, '\r\nCHAULA, RONALD H', NULL, '	2021-04-01176', '', 1, 'BSC IN CS', 1),
(205, '\r\nCHOMA, EPIFANIA M', NULL, '	2021-04-01275', '', 1, 'BSC IN CS', 1),
(206, '\r\nDAUD, DAUD LAZARO', NULL, '2021-04-01460', '', 1, 'BSC IN CS', 1),
(207, '\r\nELIJA, FRENK OGWEYO', NULL, ' 	2021-04-01667', '', 1, 'BSC IN CS', 1),
(208, '\r\nENOSI, ROSE JOHN', NULL, ' 	2021-04-01727', '', 1, 'BSC IN CS', 1),
(209, '\r\nERNEST, YUSTO RAPHAEL', NULL, '	2021-04-01747', '', 1, 'BSC IN CS', 1),
(210, '\r\nFELICIAN, AIDAN YUSTO', NULL, '	2021-04-01820', '', 1, 'BSC IN CS', 1),
(211, '\r\nGABONE, DEBORA ATUGONZA', NULL, ' 	2021-04-01932', '', 1, 'BSC IN CS', 1),
(212, 'GIBURE, ADELPHINA PASCAL', NULL, ' 	2021-04-02030', '', 1, 'BSC IN CS', 1),
(213, '\r\nIKWARI, IBRAHIMU FADHILI', NULL, '	2021-04-02550', '', 1, 'BSC IN CS', 1),
(214, '\r\nISSA, SHAHAME A ', NULL, '	2021-04-02632', '', 1, 'BSC IN CS', 1),
(215, '\r\nJACOB, JACOB GODFREY', NULL, ' 	2021-04-02685', '', 1, 'BSC IN CS', 1),
(216, '\r\nJOSEPH, EDINA EXPEL', NULL, ' 	2021-04-02965', '', 1, 'BSC IN CS', 1),
(217, '\r\nJUMANNE, GRACE YELLA', NULL, '  	2021-04-03126', '', 1, 'BSC IN CS', 1),
(218, '\r\nKAIHULA, LINA KAJUNA ', NULL, '	2021-04-03265', '', 1, 'BSC IN CS', 1),
(219, '\r\nKALEGHE, NEEMA ALFRED', NULL, ' 	2021-04-03311', '', 1, 'BSC IN CS', 1),
(220, '\r\nKHALIFA, SAID JAMAL ', NULL, '	2021-04-03821', '', 1, 'BSC IN CS', 1),
(221, '\r\nKIMARIO, JANETH ALEX ', NULL, '	2021-04-04108', '', 1, 'BSC IN CS', 1),
(222, '\r\nKITALIKA, OSTAVINA BENEDICT', NULL, ' 	2021-04-04321', '', 1, 'BSC IN CS', 1),
(223, '\r\nKITANGALALA, IPYANA NGAMANYA ', NULL, '	2021-04-04325', '', 1, 'BSC IN CS', 1),
(224, '\r\nKOKA, FREDRICK HENRY', NULL, '	2021-04-04422', '', 1, 'BSC IN CS', 1),
(225, '\r\nKOMBE, AGNELLA GOODCHANCE', NULL, '2021-04-04474', '', 1, 'BSC IN CS', 1),
(226, '\r\nKUNDI, VICTORIA S', NULL, ' 	2021-04-04540', '', 1, 'BSC IN CEIT', 1),
(227, '\r\nKWEKA, HELGA GEORGE', NULL, ' 	2021-04-04583', '', 1, 'BSC IN CEIT', 1),
(228, '\r\nLAMBI, ADILA OMARY', NULL, ' 	2021-04-04669', '', 1, 'BSC IN CEIT', 1),
(229, '\r\nLEMASANI, BRIAN FILIBERT', NULL, '	2021-04-04736', '', 1, 'BSC IN CEIT', 1),
(230, '\r\nLUSAKO, BERTHA MATHIAS', NULL, ' 	2021-04-05008', '', 1, 'BSC IN CEIT', 1),
(231, '\r\nMADAMBA, ROCKFELLER SELEMANI ', NULL, '	2021-04-05193', '', 1, 'BSC IN CEIT', 1),
(232, '\r\nMADUHU, WASHA M ', NULL, '	2021-04-05213', '', 1, 'BSC IN CEIT', 1),
(233, '\r\nMAHUSHI, MARCO ZACHAEUS', NULL, ' 	2020-04-13252', '', 1, 'BSC IN CEIT', 1),
(234, 'MAHUWI, ERICK E', NULL, '	2020-04-05327', '', 1, 'BSC IN CEIT', 1),
(235, '\r\nMAINA, DESIDERIA ROBERT', NULL, '	2021-04-05425', '', 1, 'BSC IN CEIT', 1),
(236, '\r\nMAPUNDA, MELKIOLI HEZRON', NULL, ' 	2021-04-05820', '', 1, 'BSC IN CEIT', 1),
(237, '\r\nMARISHAY, BRIAN S', NULL, ' 	2020-04-05811', '', 1, 'BSC IN CEIT', 1),
(238, '\r\nMAYAYA, ROZALIA NYAMKUBI', NULL, '	2021-04-06340', '', 1, 'BSC IN CEIT', 1),
(239, '\r\nMBAGA, JACKSON HOOD ', NULL, '	2021-04-06379', '', 1, 'BSC IN CEIT', 1),
(240, '\r\nMBISE, SETH DOUGLAS', NULL, ' 	2021-04-06525', '', 1, 'BSC IN CEIT', 1),
(241, '\r\nMIKIDA, KELVIN LEONARD', NULL, ' 	2021-04-07079', '', 1, 'BSC IN CEIT', 1),
(242, '\r\nMKINI, JANETH JUSTINE', NULL, ' 	2021-04-07261', '', 1, 'BSC IN CEIT', 1),
(243, '\r\nMLOLA, GULYA MDONGO', NULL, ' 	2021-04-07421', '', 1, 'BSC IN CEIT', 1),
(244, '\r\nMPENDWA, ANSBERTUS G ', NULL, '2021-04-07820', '', 1, 'BSC IN CEIT', 1),
(245, '\r\nMSHANA, JAMES JOSEPHAT', NULL, '2021-04-08018', '', 1, 'BSC IN CEIT', 1),
(246, '\r\nMSIGWA, CELINA LEONARD', NULL, ' 	2021-04-08052', '', 1, 'BSC IN CEIT', 1),
(247, '\r\nMSUYA, ANNE POLYCARP', NULL, ' 	2021-04-08147', '', 1, 'BSC IN CEIT', 1),
(248, '\r\nMSUYA, IDRISSA WAHABU', NULL, ' 	2021-04-08127', '', 1, 'BSC IN CEIT', 1),
(249, '\r\nMUHANGE, FRED ALEX', NULL, ' 	2021-04-08313', '', 1, 'BSC IN CEIT', 1),
(250, '\r\nMUNUO, JUDITH SOLOMON', NULL, '	2021-04-08389', '', 1, 'BSC IN CEIT', 1),
(251, '\r\nMWAISUMBE, BEATRICE MIKE', NULL, '	2021-04-08642', '', 1, 'BSC IN BIT', 1),
(252, '\r\nMWAKAFWAGA, LUSAJO TUMAINI', NULL, '	2021-04-08666', '', 1, 'BSC IN BIT', 1),
(253, '\r\nMWALIMU, ISIHAKA HOSSEIN', NULL, ' 	2021-04-08791', '', 1, 'BSC IN BIT', 1),
(254, '\r\nMWITA, IRENE MUSAMA', NULL, '	2021-04-09212', '', 1, 'BSC IN BIT', 1),
(255, '\r\nMZIRAY, HELLEN TEZURA', NULL, ' 	2021-04-09262', '', 1, 'BSC IN BIT', 1),
(256, '\r\nNADEIT, JEREMIA DAUD ', NULL, '	2021-04-09281', '', 1, 'BSC IN BIT', 1),
(257, '\r\nNAMBOLOLO, ELIYA LUCAS', NULL, ' 	2021-04-09304', '', 1, 'BSC IN BIT', 1),
(258, 'NESTORY, NELSON MTAKYAMILWA', NULL, ' 	2021-04-09544', '', 1, 'BSC IN BIT', 1),
(259, '\r\nNGOWI, DIONISIA DEOGRATIAS', NULL, ' 	2021-04-09721', '', 1, 'BSC IN BIT', 1),
(260, '\r\nNKEMBO, CRESENSIA GERVAS', NULL, '	2021-04-09834', '', 1, 'BSC IN BIT', 1),
(261, '\r\nNSIMBA, RUTH MELKIORY', NULL, ' 	2021-04-09925', '', 1, 'BSC IN BIT', 1),
(262, '\r\nOMARI, AMINA JUMA', NULL, '	2021-04-10192', '', 1, 'BSC IN BIT', 1),
(263, '\r\nPATER, AMAR RAJESH', NULL, '2021-04-10339', '', 1, 'BSC IN BIT', 1),
(264, '\r\nRAJAB, RAJAB HASSAN', NULL, '	2021-04-10579', '', 1, 'BSC IN BIT', 1),
(265, '\r\nREWETA, STANLEY AMINIEL', NULL, '	2021-04-10740', '', 1, 'BSC IN BIT', 1),
(266, '\r\nSAMMA, HASSAN ABDULRAHMAN', NULL, ' 	2021-04-11139', '', 1, 'BSC IN BIT', 1),
(267, '\r\nSHEMWETA, MAGRETH SAMWEL', NULL, ' 	2021-04-11598', '', 1, 'BSC IN BIT', 1),
(268, '\r\nSHESHANGALI, RACHEL TIMILAI ', NULL, '	2021-04-11602', '', 1, 'BSC IN BIT', 1),
(269, '\r\nSHUMA, DAVID LEONARD', NULL, '	2021-04-11699', '', 1, 'BSC IN BIT', 1),
(270, '\r\nSILAA, FAITH', NULL, '	2021-04-11749', '', 1, 'BSC IN BIT', 1),
(271, '\r\nSIMA, JOSEPH DANIEL', NULL, '2021-04-11771', '', 1, 'BSC IN BIT', 1),
(272, '\r\nTESHA, VEDASTO Z', NULL, ' 	2021-04-12213', '', 1, 'BSC IN BIT', 1),
(273, '\r\nVALERIAN, VINCENSIAH SAMUMBA', NULL, '	2021-04-12429', '', 1, 'BSC IN BIT', 1),
(274, '\r\nVISHANI, JAINICK MANOJ', NULL, ' 	2021-04-12452', '', 1, 'BSC IN BIT', 1),
(275, '\r\nWILLIAM, LILIAN DAVID ', NULL, '	2021-04-12562', '', 1, 'BSC IN BIT', 1);

-- --------------------------------------------------------

--
-- Table structure for table `user_response`
--

CREATE TABLE `user_response` (
  `id` int(11) NOT NULL,
  `user_id` int(10) UNSIGNED NOT NULL,
  `course_code` varchar(200) DEFAULT NULL
) ENGINE=InnoDB DEFAULT CHARSET=utf8mb4;

--
-- Dumping data for table `user_response`
--

INSERT INTO `user_response` (`id`, `user_id`, `course_code`) VALUES
(1, 91, 'MT 100'),
(2, 91, 'CL 111'),
(3, 91, 'CL 111'),
(4, 91, 'CS 174'),
(5, 91, 'CL 111'),
(6, 91, 'CL 111'),
(7, 91, 'CL 111'),
(8, 91, 'CL 111'),
(9, 91, 'CL 111'),
(10, 91, 'CL 111'),
(11, 91, 'CL 111'),
(12, 91, 'CL 111'),
(13, 91, 'CL 111'),
(14, 91, 'CL 111'),
(15, 91, 'CL 111'),
(16, 91, 'CL 111'),
(17, 91, 'CL 111'),
(18, 91, 'CS 354'),
(19, 91, 'CL 111'),
(20, 91, 'CL 111'),
(21, 91, 'CL 111'),
(22, 91, 'CL 111'),
(23, 91, 'CL 111'),
(24, 91, 'CL 111'),
(25, 91, 'CL 111'),
(26, 103, 'CL 111'),
(27, 103, 'CL 111'),
(28, 103, 'CL 111'),
(29, 103, 'CL 111'),
(30, 103, 'CL 111'),
(31, 103, 'CS 174'),
(32, 103, 'CS 174'),
(33, 103, 'CS 174'),
(34, 103, 'CS 174'),
(35, 103, 'CS 174'),
(36, 103, 'CS 174'),
(37, 103, 'CS 174'),
(38, 103, 'CS 174'),
(39, 103, 'CS 174'),
(40, 103, 'CS 174'),
(41, 103, 'CS 174'),
(42, 103, 'CS 174'),
(43, 103, 'CS 174'),
(44, 78, 'CS 174'),
(45, 78, 'CS 174'),
(46, 78, 'CS 174'),
(47, 78, 'CS 174'),
(48, 78, 'CS 174'),
(49, 78, 'CS 174'),
(50, 78, 'CS 174'),
(51, 78, 'CS 174'),
(52, 78, 'CS 243'),
(53, 78, 'CS 243'),
(54, 78, 'CS 243'),
(55, 78, 'CS 243'),
(56, 78, 'CS 243'),
(57, 78, 'CS 243'),
(58, 78, 'CS 243'),
(59, 78, 'CS 243'),
(60, 78, 'CS 243'),
(61, 78, 'CS 243'),
(62, 78, 'CS 243'),
(63, 78, 'CS 243'),
(64, 78, 'CS 243'),
(65, 78, 'CS 243'),
(66, 78, 'CS 243'),
(67, 78, 'CS 243'),
(68, 78, 'CS 243'),
(69, 78, 'CS 243'),
(70, 78, 'CS 243'),
(71, 78, 'CS 243'),
(72, 78, 'CS 243'),
(73, 78, 'CS 243'),
(74, 78, 'CS 243'),
(75, 78, 'CS 243'),
(76, 78, 'CS 243'),
(77, 78, 'CS 243'),
(78, 78, 'CS 243'),
(79, 78, 'CS 243'),
(80, 78, 'CS 243'),
(81, 78, 'CS 243'),
(82, 78, 'CS 243'),
(83, 80, 'CS 334'),
(84, 80, 'CS 334'),
(85, 80, 'CS 334'),
(86, 80, 'CS 334'),
(87, 80, 'CS 334'),
(88, 80, 'CS 334'),
(89, 80, 'CS 334'),
(90, 80, 'CS 334'),
(91, 80, 'CS 174'),
(92, 80, 'CS 334'),
(93, 80, 'CS 334'),
(94, 80, 'CS 334'),
(95, 80, 'CS 334'),
(96, 80, 'CS 334'),
(97, 80, 'CS 334'),
(98, 80, 'CS 334'),
(99, 80, 'CS 334'),
(100, 80, 'CS 334'),
(101, 80, 'CS 334'),
(102, 80, 'CS 334'),
(103, 80, 'CS 334'),
(104, 80, 'CS 334'),
(105, 83, 'CS 354'),
(106, 83, 'CS 354'),
(107, 83, 'CS 354'),
(108, 83, 'CS 354'),
(109, 83, 'CS 354'),
(110, 83, 'CS 354'),
(111, 83, 'CS 354'),
(112, 83, 'CS 354'),
(113, 83, 'CS 354'),
(114, 83, 'CS 354'),
(115, 83, 'CS 354'),
(116, 83, 'DS 113'),
(117, 101, 'DS 113'),
(118, 101, 'DS 113'),
(119, 101, 'DS 113'),
(120, 101, 'DS 113'),
(121, 101, 'DS 113'),
(122, 101, 'DS 113'),
(123, 101, 'DS 113'),
(124, 101, 'DS 113'),
(125, 101, 'DS 113'),
(126, 101, 'DS 113'),
(127, 101, 'DS 113'),
(128, 101, 'DS 113'),
(129, 101, 'DS 113'),
(130, 101, 'DS 113'),
(131, 101, 'DS 113'),
(132, 101, 'DS 113'),
(133, 101, 'DS 113'),
(134, 101, 'DS 113'),
(135, 101, 'DS 113'),
(136, 101, 'DS 113'),
(137, 101, 'DS 113'),
(138, 101, 'IS 158'),
(139, 101, 'IS 158'),
(140, 101, 'IS 158'),
(141, 101, 'IS 158'),
(142, 101, 'IS 158'),
(143, 101, 'IS 158'),
(144, 101, 'IS 158'),
(145, 101, 'IS 158'),
(146, 101, 'IS 158'),
(147, 101, 'IS 158'),
(148, 101, 'IS 158'),
(149, 101, 'IS 158'),
(150, 101, 'IS 158'),
(151, 101, 'IS 181'),
(152, 101, 'IS 181'),
(153, 101, 'IS 181'),
(154, 101, 'IS 181'),
(155, 101, 'IS 181'),
(156, 101, 'IS 181'),
(157, 101, 'IS 181'),
(158, 101, 'IS 181'),
(159, 101, 'IS 181'),
(160, 101, 'IS 181'),
(161, 101, 'IS 181'),
(162, 101, 'IS 181'),
(163, 101, 'IS 181'),
(164, 101, 'IS 181'),
(165, 101, 'IS 181'),
(166, 101, 'IS 181'),
(167, 101, 'IS 181'),
(168, 101, 'IS 181'),
(169, 101, 'IS 181'),
(170, 3, 'CS 151');

-- --------------------------------------------------------

--
-- Table structure for table `venue`
--

CREATE TABLE `venue` (
  `id` int(11) NOT NULL,
  `venue` varchar(23) NOT NULL,
  `venue_capacity` int(5) NOT NULL
) ENGINE=InnoDB DEFAULT CHARSET=utf8mb4;

--
-- Dumping data for table `venue`
--

INSERT INTO `venue` (`id`, `venue`, `venue_capacity`) VALUES
(1, 'D01', 300),
(2, 'B302', 200),
(3, 'B307', 100),
(4, 'B310', 200);

--
-- Indexes for dumped tables
--

--
-- Indexes for table `courses`
--
ALTER TABLE `courses`
  ADD PRIMARY KEY (`course_code`,`study_year`);

--
-- Indexes for table `evaluation_questions`
--
ALTER TABLE `evaluation_questions`
  ADD PRIMARY KEY (`id`);

--
-- Indexes for table `programme`
--
ALTER TABLE `programme`
  ADD PRIMARY KEY (`id`);

--
-- Indexes for table `programme_course`
--
ALTER TABLE `programme_course`
  ADD PRIMARY KEY (`id`),
  ADD KEY `id_programme` (`id_programme`),
  ADD KEY `course_code` (`course_code`);

--
-- Indexes for table `role`
--
ALTER TABLE `role`
  ADD PRIMARY KEY (`id`);

--
-- Indexes for table `users`
--
ALTER TABLE `users`
  ADD PRIMARY KEY (`id`);

--
-- Indexes for table `user_response`
--
ALTER TABLE `user_response`
  ADD PRIMARY KEY (`id`),
  ADD KEY `user_id` (`user_id`),
  ADD KEY `course_code` (`course_code`);

--
-- AUTO_INCREMENT for dumped tables
--

--
-- AUTO_INCREMENT for table `evaluation_questions`
--
ALTER TABLE `evaluation_questions`
  MODIFY `id` int(11) NOT NULL AUTO_INCREMENT, AUTO_INCREMENT=173;

--
-- AUTO_INCREMENT for table `programme`
--
ALTER TABLE `programme`
  MODIFY `id` int(11) NOT NULL AUTO_INCREMENT, AUTO_INCREMENT=4;

--
-- AUTO_INCREMENT for table `programme_course`
--
ALTER TABLE `programme_course`
  MODIFY `id` int(11) NOT NULL AUTO_INCREMENT, AUTO_INCREMENT=25;

--
-- AUTO_INCREMENT for table `role`
--
ALTER TABLE `role`
  MODIFY `id` int(10) UNSIGNED NOT NULL AUTO_INCREMENT, AUTO_INCREMENT=4;

--
-- AUTO_INCREMENT for table `users`
--
ALTER TABLE `users`
  MODIFY `id` int(5) NOT NULL AUTO_INCREMENT, AUTO_INCREMENT=276;

--
-- AUTO_INCREMENT for table `user_response`
--
ALTER TABLE `user_response`
  MODIFY `id` int(11) NOT NULL AUTO_INCREMENT, AUTO_INCREMENT=171;

--
-- Constraints for dumped tables
--

--
-- Constraints for table `programme_course`
--
ALTER TABLE `programme_course`
  ADD CONSTRAINT `programme_course_ibfk_1` FOREIGN KEY (`id_programme`) REFERENCES `programme` (`id`),
  ADD CONSTRAINT `programme_course_ibfk_2` FOREIGN KEY (`course_code`) REFERENCES `courses` (`course_code`);
COMMIT;

/*!40101 SET CHARACTER_SET_CLIENT=@OLD_CHARACTER_SET_CLIENT */;
/*!40101 SET CHARACTER_SET_RESULTS=@OLD_CHARACTER_SET_RESULTS */;
/*!40101 SET COLLATION_CONNECTION=@OLD_COLLATION_CONNECTION */;
